rep,tick,seconds
1,0,0.005083
1,1,0.005129
1,2,0.005079
1,3,0.005109
1,4,0.005156
1,5,0.005160
1,6,0.005178
1,7,0.005179
1,8,0.005253
1,9,0.005213
1,10,0.005251
1,11,0.005245
1,12,0.005258
1,13,0.005279
1,14,0.005297
1,15,0.005287
1,16,0.005290
1,17,0.005311
1,18,0.005287
1,19,0.005316
2,0,0.005112
2,1,0.005140
2,2,0.005118
2,3,0.005121
2,4,0.005155
2,5,0.005178
2,6,0.005181
2,7,0.005191
2,8,0.005212
2,9,0.005218
2,10,0.005225
2,11,0.005239
2,12,0.005254
2,13,0.005265
2,14,0.005242
2,15,0.005264
2,16,0.005286
2,17,0.005283
2,18,0.005291
2,19,0.005288
3,0,0.005110
3,1,0.005107
3,2,0.005102
3,3,0.005133
3,4,0.005160
3,5,0.005159
3,6,0.005161
3,7,0.005196
3,8,0.005196
3,9,0.005192
3,10,0.005245
3,11,0.005228
3,12,0.005231
3,13,0.005242
3,14,0.005256
3,15,0.005261
3,16,0.005298
3,17,0.005285
3,18,0.005272
3,19,0.005284
4,0,0.005117
4,1,0.005121
4,2,0.005125
4,3,0.005118
4,4,0.005121
4,5,0.005153
4,6,0.005181
4,7,0.005165
4,8,0.005188
4,9,0.005214
4,10,0.005223
4,11,0.005222
4,12,0.005214
4,13,0.005245
4,14,0.005256
4,15,0.005245
4,16,0.005268
4,17,0.005276
4,18,0.005290
4,19,0.005278
5,0,0.005076
5,1,0.005097
5,2,0.005104
5,3,0.005102
5,4,0.005145
5,5,0.005142
5,6,0.005169
5,7,0.005173
5,8,0.005199
5,9,0.005220
5,10,0.005209
5,11,0.005240
5,12,0.005238
5,13,0.005246
5,14,0.005233
5,15,0.005273
5,16,0.005244
5,17,0.005306
5,18,0.005263
5,19,0.005268
6,0,0.005085
6,1,0.005122
6,2,0.005119
6,3,0.005108
6,4,0.005128
6,5,0.005135
6,6,0.005173
6,7,0.005184
6,8,0.005205
6,9,0.005187
6,10,0.005224
6,11,0.005206
6,12,0.005240
6,13,0.005242
6,14,0.005223
6,15,0.005257
6,16,0.005264
6,17,0.005268
6,18,0.005268
6,19,0.005286
7,0,0.005103
7,1,0.005116
7,2,0.005111
7,3,0.005134
7,4,0.005123
7,5,0.005136
7,6,0.005162
7,7,0.005189
7,8,0.005205
7,9,0.005213
7,10,0.005206
7,11,0.005185
7,12,0.005228
7,13,0.005220
7,14,0.005248
7,15,0.005266
7,16,0.005267
7,17,0.005307
7,18,0.005264
7,19,0.005265
8,0,0.005105
8,1,0.005105
8,2,0.005102
8,3,0.005105
8,4,0.005111
8,5,0.005143
8,6,0.005166
8,7,0.005169
8,8,0.005223
8,9,0.005192
8,10,0.005194
8,11,0.005202
8,12,0.005240
8,13,0.005255
8,14,0.005288
8,15,0.005376
8,16,0.005377
8,17,0.005350
8,18,0.005326
8,19,0.005294
