impl,detail,seconds
julia,pop_n100_t20-process-1,9.876
julia,pop_n100_t20-process-2,9.816
julia,pop_n100_t20-process-3,9.857
netlogo,conf_0,3.488
netlogo,conf_1,3.635
netlogo,conf_10,3.536
netlogo,conf_50,3.609
netlogo,net_homogeneous_mixing,3.730
netlogo,net_homophily,3.652
netlogo,net_none,4.061
netlogo,net_preferential_attachment,3.715
netlogo,net_random,3.707
netlogo,net_similarity,3.809
netlogo,net_watts_strogatz,3.844
netlogo,pop_n100_t1,3.610
netlogo,pop_n100_t20,3.656
netlogo,pop_n100_t5,3.570
netlogo,pop_n100_t50,3.685
netlogo,pop_n200_t1,3.542
netlogo,pop_n200_t20,3.521
netlogo,pop_n200_t5,3.666
netlogo,pop_n200_t50,3.615
netlogo,pop_n25_t1,3.850
netlogo,pop_n25_t20,3.617
netlogo,pop_n25_t5,3.835
netlogo,pop_n25_t50,3.479
netlogo,pop_n400_t1,3.489
netlogo,pop_n400_t20,3.523
netlogo,pop_n400_t5,3.733
netlogo,pop_n400_t50,3.527
netlogo,pop_n50_t1,3.729
netlogo,pop_n50_t20,3.635
netlogo,pop_n50_t5,3.694
netlogo,pop_n50_t50,3.678
netlogo,pop_n800_t1,3.535
netlogo,pop_n800_t20,3.634
netlogo,pop_n800_t5,3.540
netlogo,pop_n800_t50,3.586
netlogo,util_additive,3.836
netlogo,util_ces,3.645
netlogo,util_multiplicative,3.639
netlogo,util_multiplicative_weighted,3.578
