config_id,group,agents_per_gender,ticks,network,utility,conformism,rep,setup_s,steps_s,total_s
pop_n25_t1,pop,25,1,watts_strogatz,ces,10,1,0.000052,0.001226,0.001278
pop_n25_t1,pop,25,1,watts_strogatz,ces,10,2,0.000045,0.001215,0.001259
pop_n25_t1,pop,25,1,watts_strogatz,ces,10,3,0.000038,0.001215,0.001252
pop_n25_t1,pop,25,1,watts_strogatz,ces,10,4,0.000038,0.001225,0.001263
pop_n25_t1,pop,25,1,watts_strogatz,ces,10,5,0.000038,0.001214,0.001252
pop_n25_t1,pop,25,1,watts_strogatz,ces,10,6,0.000039,0.001232,0.001271
pop_n25_t1,pop,25,1,watts_strogatz,ces,10,7,0.000040,0.001216,0.001256
pop_n25_t1,pop,25,1,watts_strogatz,ces,10,8,0.000045,0.001215,0.001260
pop_n25_t5,pop,25,5,watts_strogatz,ces,10,1,0.000076,0.006188,0.006264
pop_n25_t5,pop,25,5,watts_strogatz,ces,10,2,0.000063,0.006153,0.006216
pop_n25_t5,pop,25,5,watts_strogatz,ces,10,3,0.000070,0.006152,0.006222
pop_n25_t5,pop,25,5,watts_strogatz,ces,10,4,0.000054,0.006157,0.006211
pop_n25_t5,pop,25,5,watts_strogatz,ces,10,5,0.000057,0.006174,0.006232
pop_n25_t5,pop,25,5,watts_strogatz,ces,10,6,0.000081,0.006151,0.006232
pop_n25_t5,pop,25,5,watts_strogatz,ces,10,7,0.000063,0.006164,0.006227
pop_n25_t5,pop,25,5,watts_strogatz,ces,10,8,0.000059,0.006185,0.006244
pop_n25_t20,pop,25,20,watts_strogatz,ces,10,1,0.000061,0.025113,0.025174
pop_n25_t20,pop,25,20,watts_strogatz,ces,10,2,0.000081,0.025069,0.025151
pop_n25_t20,pop,25,20,watts_strogatz,ces,10,3,0.000060,0.025096,0.025156
pop_n25_t20,pop,25,20,watts_strogatz,ces,10,4,0.000060,0.025089,0.025149
pop_n25_t20,pop,25,20,watts_strogatz,ces,10,5,0.000065,0.025119,0.025184
pop_n25_t20,pop,25,20,watts_strogatz,ces,10,6,0.000078,0.025055,0.025133
pop_n25_t20,pop,25,20,watts_strogatz,ces,10,7,0.000056,0.025058,0.025114
pop_n25_t20,pop,25,20,watts_strogatz,ces,10,8,0.000053,0.025070,0.025123
pop_n25_t50,pop,25,50,watts_strogatz,ces,10,1,0.000139,0.064275,0.064414
pop_n25_t50,pop,25,50,watts_strogatz,ces,10,2,0.000099,0.064384,0.064483
pop_n25_t50,pop,25,50,watts_strogatz,ces,10,3,0.000197,0.064117,0.064313
pop_n25_t50,pop,25,50,watts_strogatz,ces,10,4,0.000111,0.064231,0.064342
pop_n25_t50,pop,25,50,watts_strogatz,ces,10,5,0.000095,0.064285,0.064380
pop_n25_t50,pop,25,50,watts_strogatz,ces,10,6,0.000113,0.064043,0.064155
pop_n25_t50,pop,25,50,watts_strogatz,ces,10,7,0.000071,0.064058,0.064129
pop_n25_t50,pop,25,50,watts_strogatz,ces,10,8,0.000094,0.064047,0.064141
pop_n50_t1,pop,50,1,watts_strogatz,ces,10,1,0.000057,0.002552,0.002608
pop_n50_t1,pop,50,1,watts_strogatz,ces,10,2,0.000057,0.002531,0.002589
pop_n50_t1,pop,50,1,watts_strogatz,ces,10,3,0.000052,0.002530,0.002582
pop_n50_t1,pop,50,1,watts_strogatz,ces,10,4,0.000050,0.002531,0.002581
pop_n50_t1,pop,50,1,watts_strogatz,ces,10,5,0.000051,0.002541,0.002592
pop_n50_t1,pop,50,1,watts_strogatz,ces,10,6,0.000052,0.002555,0.002607
pop_n50_t1,pop,50,1,watts_strogatz,ces,10,7,0.000053,0.002522,0.002576
pop_n50_t1,pop,50,1,watts_strogatz,ces,10,8,0.000051,0.002528,0.002578
pop_n50_t5,pop,50,5,watts_strogatz,ces,10,1,0.000066,0.012595,0.012661
pop_n50_t5,pop,50,5,watts_strogatz,ces,10,2,0.000066,0.012578,0.012644
pop_n50_t5,pop,50,5,watts_strogatz,ces,10,3,0.000065,0.012588,0.012653
pop_n50_t5,pop,50,5,watts_strogatz,ces,10,4,0.000059,0.012743,0.012802
pop_n50_t5,pop,50,5,watts_strogatz,ces,10,5,0.000073,0.012847,0.012920
pop_n50_t5,pop,50,5,watts_strogatz,ces,10,6,0.000111,0.012804,0.012915
pop_n50_t5,pop,50,5,watts_strogatz,ces,10,7,0.000067,0.012770,0.012838
pop_n50_t5,pop,50,5,watts_strogatz,ces,10,8,0.000071,0.012902,0.012973
pop_n50_t20,pop,50,20,watts_strogatz,ces,10,1,0.000079,0.052471,0.052550
pop_n50_t20,pop,50,20,watts_strogatz,ces,10,2,0.000088,0.052366,0.052454
pop_n50_t20,pop,50,20,watts_strogatz,ces,10,3,0.000072,0.052422,0.052495
pop_n50_t20,pop,50,20,watts_strogatz,ces,10,4,0.000089,0.052871,0.052959
pop_n50_t20,pop,50,20,watts_strogatz,ces,10,5,0.000080,0.052670,0.052750
pop_n50_t20,pop,50,20,watts_strogatz,ces,10,6,0.000122,0.052778,0.052900
pop_n50_t20,pop,50,20,watts_strogatz,ces,10,7,0.000115,0.052770,0.052886
pop_n50_t20,pop,50,20,watts_strogatz,ces,10,8,0.000077,0.052830,0.052907
pop_n50_t50,pop,50,50,watts_strogatz,ces,10,1,0.000145,0.134161,0.134306
pop_n50_t50,pop,50,50,watts_strogatz,ces,10,2,0.000110,0.134239,0.134349
pop_n50_t50,pop,50,50,watts_strogatz,ces,10,3,0.000103,0.130956,0.131059
pop_n50_t50,pop,50,50,watts_strogatz,ces,10,4,0.000122,0.130399,0.130521
pop_n50_t50,pop,50,50,watts_strogatz,ces,10,5,0.000130,0.130221,0.130351
pop_n50_t50,pop,50,50,watts_strogatz,ces,10,6,0.000125,0.130175,0.130300
pop_n50_t50,pop,50,50,watts_strogatz,ces,10,7,0.000112,0.130066,0.130178
pop_n50_t50,pop,50,50,watts_strogatz,ces,10,8,0.000129,0.130193,0.130322
pop_n100_t1,pop,100,1,watts_strogatz,ces,10,1,0.000093,0.005030,0.005123
pop_n100_t1,pop,100,1,watts_strogatz,ces,10,2,0.000070,0.005086,0.005156
pop_n100_t1,pop,100,1,watts_strogatz,ces,10,3,0.000077,0.005035,0.005112
pop_n100_t1,pop,100,1,watts_strogatz,ces,10,4,0.000075,0.005055,0.005130
pop_n100_t1,pop,100,1,watts_strogatz,ces,10,5,0.000076,0.005027,0.005103
pop_n100_t1,pop,100,1,watts_strogatz,ces,10,6,0.000068,0.005081,0.005149
pop_n100_t1,pop,100,1,watts_strogatz,ces,10,7,0.000076,0.005033,0.005109
pop_n100_t1,pop,100,1,watts_strogatz,ces,10,8,0.000075,0.005025,0.005101
pop_n100_t5,pop,100,5,watts_strogatz,ces,10,1,0.000095,0.026131,0.026226
pop_n100_t5,pop,100,5,watts_strogatz,ces,10,2,0.000089,0.026176,0.026265
pop_n100_t5,pop,100,5,watts_strogatz,ces,10,3,0.000095,0.026196,0.026291
pop_n100_t5,pop,100,5,watts_strogatz,ces,10,4,0.000078,0.026186,0.026264
pop_n100_t5,pop,100,5,watts_strogatz,ces,10,5,0.000091,0.026230,0.026320
pop_n100_t5,pop,100,5,watts_strogatz,ces,10,6,0.000082,0.026216,0.026298
pop_n100_t5,pop,100,5,watts_strogatz,ces,10,7,0.000093,0.026187,0.026280
pop_n100_t5,pop,100,5,watts_strogatz,ces,10,8,0.000077,0.026165,0.026243
pop_n100_t20,pop,100,20,watts_strogatz,ces,10,1,0.000126,0.105998,0.106124
pop_n100_t20,pop,100,20,watts_strogatz,ces,10,2,0.000127,0.105697,0.105824
pop_n100_t20,pop,100,20,watts_strogatz,ces,10,3,0.000110,0.104486,0.104597
pop_n100_t20,pop,100,20,watts_strogatz,ces,10,4,0.000150,0.104660,0.104810
pop_n100_t20,pop,100,20,watts_strogatz,ces,10,5,0.000144,0.106432,0.106576
pop_n100_t20,pop,100,20,watts_strogatz,ces,10,6,0.000146,0.106496,0.106642
pop_n100_t20,pop,100,20,watts_strogatz,ces,10,7,0.000156,0.106171,0.106326
pop_n100_t20,pop,100,20,watts_strogatz,ces,10,8,0.000145,0.106607,0.106752
pop_n100_t50,pop,100,50,watts_strogatz,ces,10,1,0.000148,0.260731,0.260880
pop_n100_t50,pop,100,50,watts_strogatz,ces,10,2,0.000133,0.260702,0.260834
pop_n100_t50,pop,100,50,watts_strogatz,ces,10,3,0.000149,0.261610,0.261759
pop_n100_t50,pop,100,50,watts_strogatz,ces,10,4,0.000134,0.260306,0.260439
pop_n100_t50,pop,100,50,watts_strogatz,ces,10,5,0.000124,0.260306,0.260431
pop_n100_t50,pop,100,50,watts_strogatz,ces,10,6,0.000124,0.260397,0.260521
pop_n100_t50,pop,100,50,watts_strogatz,ces,10,7,0.000130,0.261110,0.261241
pop_n100_t50,pop,100,50,watts_strogatz,ces,10,8,0.000138,0.261313,0.261451
pop_n200_t1,pop,200,1,watts_strogatz,ces,10,1,0.000125,0.010379,0.010504
pop_n200_t1,pop,200,1,watts_strogatz,ces,10,2,0.000117,0.010567,0.010684
pop_n200_t1,pop,200,1,watts_strogatz,ces,10,3,0.000121,0.010452,0.010573
pop_n200_t1,pop,200,1,watts_strogatz,ces,10,4,0.000112,0.010458,0.010570
pop_n200_t1,pop,200,1,watts_strogatz,ces,10,5,0.000110,0.010463,0.010573
pop_n200_t1,pop,200,1,watts_strogatz,ces,10,6,0.000133,0.010445,0.010578
pop_n200_t1,pop,200,1,watts_strogatz,ces,10,7,0.000118,0.010512,0.010630
pop_n200_t1,pop,200,1,watts_strogatz,ces,10,8,0.000117,0.010448,0.010565
pop_n200_t5,pop,200,5,watts_strogatz,ces,10,1,0.000183,0.051617,0.051800
pop_n200_t5,pop,200,5,watts_strogatz,ces,10,2,0.000154,0.051380,0.051533
pop_n200_t5,pop,200,5,watts_strogatz,ces,10,3,0.000152,0.051132,0.051284
pop_n200_t5,pop,200,5,watts_strogatz,ces,10,4,0.000187,0.050771,0.050959
pop_n200_t5,pop,200,5,watts_strogatz,ces,10,5,0.000154,0.050828,0.050983
pop_n200_t5,pop,200,5,watts_strogatz,ces,10,6,0.000165,0.050755,0.050920
pop_n200_t5,pop,200,5,watts_strogatz,ces,10,7,0.000152,0.050815,0.050967
pop_n200_t5,pop,200,5,watts_strogatz,ces,10,8,0.000165,0.050936,0.051101
pop_n200_t20,pop,200,20,watts_strogatz,ces,10,1,0.000182,0.211714,0.211896
pop_n200_t20,pop,200,20,watts_strogatz,ces,10,2,0.000183,0.211237,0.211420
pop_n200_t20,pop,200,20,watts_strogatz,ces,10,3,0.000176,0.211281,0.211457
pop_n200_t20,pop,200,20,watts_strogatz,ces,10,4,0.000184,0.211500,0.211684
pop_n200_t20,pop,200,20,watts_strogatz,ces,10,5,0.000192,0.211001,0.211193
pop_n200_t20,pop,200,20,watts_strogatz,ces,10,6,0.000179,0.211274,0.211453
pop_n200_t20,pop,200,20,watts_strogatz,ces,10,7,0.000184,0.211389,0.211572
pop_n200_t20,pop,200,20,watts_strogatz,ces,10,8,0.000195,0.389188,0.389384
pop_n200_t50,pop,200,50,watts_strogatz,ces,10,1,0.000225,0.517272,0.517497
pop_n200_t50,pop,200,50,watts_strogatz,ces,10,2,0.000218,0.520927,0.521144
pop_n200_t50,pop,200,50,watts_strogatz,ces,10,3,0.000215,0.520348,0.520563
pop_n200_t50,pop,200,50,watts_strogatz,ces,10,4,0.000211,0.521200,0.521411
pop_n200_t50,pop,200,50,watts_strogatz,ces,10,5,0.000231,0.532543,0.532774
pop_n200_t50,pop,200,50,watts_strogatz,ces,10,6,0.000199,0.534140,0.534339
pop_n200_t50,pop,200,50,watts_strogatz,ces,10,7,0.000275,0.532165,0.532440
pop_n200_t50,pop,200,50,watts_strogatz,ces,10,8,0.000222,0.531623,0.531846
pop_n400_t1,pop,400,1,watts_strogatz,ces,10,1,0.000203,0.020181,0.020384
pop_n400_t1,pop,400,1,watts_strogatz,ces,10,2,0.000214,0.020326,0.020540
pop_n400_t1,pop,400,1,watts_strogatz,ces,10,3,0.000217,0.020216,0.020432
pop_n400_t1,pop,400,1,watts_strogatz,ces,10,4,0.000206,0.020204,0.020410
pop_n400_t1,pop,400,1,watts_strogatz,ces,10,5,0.000375,0.020256,0.020631
pop_n400_t1,pop,400,1,watts_strogatz,ces,10,6,0.000257,0.020293,0.020550
pop_n400_t1,pop,400,1,watts_strogatz,ces,10,7,0.000221,0.020226,0.020447
pop_n400_t1,pop,400,1,watts_strogatz,ces,10,8,0.000212,0.020205,0.020417
pop_n400_t5,pop,400,5,watts_strogatz,ces,10,1,0.000237,0.105397,0.105634
pop_n400_t5,pop,400,5,watts_strogatz,ces,10,2,0.000249,0.105521,0.105771
pop_n400_t5,pop,400,5,watts_strogatz,ces,10,3,0.000248,0.105351,0.105599
pop_n400_t5,pop,400,5,watts_strogatz,ces,10,4,0.000269,0.101559,0.101828
pop_n400_t5,pop,400,5,watts_strogatz,ces,10,5,0.000284,0.102466,0.102750
pop_n400_t5,pop,400,5,watts_strogatz,ces,10,6,0.000286,0.101296,0.101582
pop_n400_t5,pop,400,5,watts_strogatz,ces,10,7,0.000250,0.100986,0.101236
pop_n400_t5,pop,400,5,watts_strogatz,ces,10,8,0.000249,0.100479,0.100728
pop_n400_t20,pop,400,20,watts_strogatz,ces,10,1,0.000634,0.408104,0.408738
pop_n400_t20,pop,400,20,watts_strogatz,ces,10,2,0.000279,0.408379,0.408658
pop_n400_t20,pop,400,20,watts_strogatz,ces,10,3,0.000253,0.408498,0.408751
pop_n400_t20,pop,400,20,watts_strogatz,ces,10,4,0.000250,0.409253,0.409503
pop_n400_t20,pop,400,20,watts_strogatz,ces,10,5,0.000267,0.408125,0.408392
pop_n400_t20,pop,400,20,watts_strogatz,ces,10,6,0.000256,0.408190,0.408445
pop_n400_t20,pop,400,20,watts_strogatz,ces,10,7,0.000258,0.410078,0.410337
pop_n400_t20,pop,400,20,watts_strogatz,ces,10,8,0.000262,0.409950,0.410211
pop_n400_t50,pop,400,50,watts_strogatz,ces,10,1,0.000292,1.036538,1.036830
pop_n400_t50,pop,400,50,watts_strogatz,ces,10,2,0.000287,1.037384,1.037672
pop_n400_t50,pop,400,50,watts_strogatz,ces,10,3,0.000273,1.038671,1.038943
pop_n400_t50,pop,400,50,watts_strogatz,ces,10,4,0.000276,1.035533,1.035809
pop_n400_t50,pop,400,50,watts_strogatz,ces,10,5,0.000271,1.040853,1.041124
pop_n400_t50,pop,400,50,watts_strogatz,ces,10,6,0.000274,1.037374,1.037648
pop_n400_t50,pop,400,50,watts_strogatz,ces,10,7,0.000273,1.036440,1.036713
pop_n400_t50,pop,400,50,watts_strogatz,ces,10,8,0.000364,1.039319,1.039682
pop_n800_t1,pop,800,1,watts_strogatz,ces,10,1,0.002320,0.041791,0.044111
pop_n800_t1,pop,800,1,watts_strogatz,ces,10,2,0.000418,0.041969,0.042386
pop_n800_t1,pop,800,1,watts_strogatz,ces,10,3,0.000450,0.042038,0.042489
pop_n800_t1,pop,800,1,watts_strogatz,ces,10,4,0.000424,0.042045,0.042469
pop_n800_t1,pop,800,1,watts_strogatz,ces,10,5,0.000545,0.041586,0.042131
pop_n800_t1,pop,800,1,watts_strogatz,ces,10,6,0.000449,0.040386,0.040835
pop_n800_t1,pop,800,1,watts_strogatz,ces,10,7,0.000466,0.039984,0.040450
pop_n800_t1,pop,800,1,watts_strogatz,ces,10,8,0.000373,0.040183,0.040556
pop_n800_t5,pop,800,5,watts_strogatz,ces,10,1,0.000438,0.200867,0.201304
pop_n800_t5,pop,800,5,watts_strogatz,ces,10,2,0.000468,0.200821,0.201289
pop_n800_t5,pop,800,5,watts_strogatz,ces,10,3,0.000416,0.200958,0.201374
pop_n800_t5,pop,800,5,watts_strogatz,ces,10,4,0.000517,0.201018,0.201534
pop_n800_t5,pop,800,5,watts_strogatz,ces,10,5,0.000434,0.201104,0.201539
pop_n800_t5,pop,800,5,watts_strogatz,ces,10,6,0.000413,0.201260,0.201673
pop_n800_t5,pop,800,5,watts_strogatz,ces,10,7,0.000419,0.201225,0.201644
pop_n800_t5,pop,800,5,watts_strogatz,ces,10,8,0.000414,0.201324,0.201738
pop_n800_t20,pop,800,20,watts_strogatz,ces,10,1,0.000471,0.829947,0.830418
pop_n800_t20,pop,800,20,watts_strogatz,ces,10,2,0.000462,0.821130,0.821592
pop_n800_t20,pop,800,20,watts_strogatz,ces,10,3,0.000443,0.824367,0.824810
pop_n800_t20,pop,800,20,watts_strogatz,ces,10,4,0.000502,0.827600,0.828101
pop_n800_t20,pop,800,20,watts_strogatz,ces,10,5,0.000505,0.850189,0.850693
pop_n800_t20,pop,800,20,watts_strogatz,ces,10,6,0.000472,0.828906,0.829378
pop_n800_t20,pop,800,20,watts_strogatz,ces,10,7,0.000473,0.823870,0.824343
pop_n800_t20,pop,800,20,watts_strogatz,ces,10,8,0.000480,0.835027,0.835508
pop_n800_t50,pop,800,50,watts_strogatz,ces,10,1,0.000498,2.104796,2.105294
pop_n800_t50,pop,800,50,watts_strogatz,ces,10,2,0.000473,2.139298,2.139770
pop_n800_t50,pop,800,50,watts_strogatz,ces,10,3,0.000484,2.134892,2.135377
pop_n800_t50,pop,800,50,watts_strogatz,ces,10,4,0.000475,2.216806,2.217281
pop_n800_t50,pop,800,50,watts_strogatz,ces,10,5,0.000528,2.208200,2.208728
pop_n800_t50,pop,800,50,watts_strogatz,ces,10,6,0.000497,2.257825,2.258322
pop_n800_t50,pop,800,50,watts_strogatz,ces,10,7,0.005373,2.284566,2.289939
pop_n800_t50,pop,800,50,watts_strogatz,ces,10,8,0.000500,2.278084,2.278583
net_none,net,100,20,none,ces,10,1,0.000154,0.110503,0.110658
net_none,net,100,20,none,ces,10,2,0.000137,0.110298,0.110434
net_none,net,100,20,none,ces,10,3,0.000111,0.111057,0.111168
net_none,net,100,20,none,ces,10,4,0.000134,0.111601,0.111735
net_none,net,100,20,none,ces,10,5,0.000136,0.110584,0.110720
net_none,net,100,20,none,ces,10,6,0.000103,0.111616,0.111719
net_none,net,100,20,none,ces,10,7,0.000147,0.109684,0.109831
net_none,net,100,20,none,ces,10,8,0.000127,0.110101,0.110228
net_watts_strogatz,net,100,20,watts_strogatz,ces,10,1,0.000125,0.104063,0.104188
net_watts_strogatz,net,100,20,watts_strogatz,ces,10,2,0.000179,0.103612,0.103791
net_watts_strogatz,net,100,20,watts_strogatz,ces,10,3,0.000236,0.103549,0.103785
net_watts_strogatz,net,100,20,watts_strogatz,ces,10,4,0.000131,0.103299,0.103430
net_watts_strogatz,net,100,20,watts_strogatz,ces,10,5,0.000130,0.103096,0.103226
net_watts_strogatz,net,100,20,watts_strogatz,ces,10,6,0.000120,0.103154,0.103274
net_watts_strogatz,net,100,20,watts_strogatz,ces,10,7,0.000128,0.103185,0.103313
net_watts_strogatz,net,100,20,watts_strogatz,ces,10,8,0.000145,0.103246,0.103392
net_random,net,100,20,random,ces,10,1,0.000107,0.104363,0.104470
net_random,net,100,20,random,ces,10,2,0.000140,0.104266,0.104406
net_random,net,100,20,random,ces,10,3,0.000110,0.104117,0.104227
net_random,net,100,20,random,ces,10,4,0.000142,0.104022,0.104164
net_random,net,100,20,random,ces,10,5,0.000115,0.103949,0.104064
net_random,net,100,20,random,ces,10,6,0.000117,0.103924,0.104041
net_random,net,100,20,random,ces,10,7,0.000099,0.103949,0.104047
net_random,net,100,20,random,ces,10,8,0.000148,0.104323,0.104471
net_preferential_attachment,net,100,20,preferential_attachment,ces,10,1,0.000131,0.104867,0.104998
net_preferential_attachment,net,100,20,preferential_attachment,ces,10,2,0.000124,0.104965,0.105090
net_preferential_attachment,net,100,20,preferential_attachment,ces,10,3,0.000125,0.104990,0.105114
net_preferential_attachment,net,100,20,preferential_attachment,ces,10,4,0.000142,0.104894,0.105036
net_preferential_attachment,net,100,20,preferential_attachment,ces,10,5,0.000245,0.105735,0.105980
net_preferential_attachment,net,100,20,preferential_attachment,ces,10,6,0.000166,0.107138,0.107304
net_preferential_attachment,net,100,20,preferential_attachment,ces,10,7,0.000131,0.108188,0.108319
net_preferential_attachment,net,100,20,preferential_attachment,ces,10,8,0.000138,0.106431,0.106569
net_similarity,net,100,20,similarity,ces,10,1,0.000882,0.108689,0.109570
net_similarity,net,100,20,similarity,ces,10,2,0.000851,0.108187,0.109038
net_similarity,net,100,20,similarity,ces,10,3,0.009772,0.110805,0.120577
net_similarity,net,100,20,similarity,ces,10,4,0.000849,0.103284,0.104133
net_similarity,net,100,20,similarity,ces,10,5,0.000820,0.103831,0.104651
net_similarity,net,100,20,similarity,ces,10,6,0.000837,0.104001,0.104837
net_similarity,net,100,20,similarity,ces,10,7,0.000829,0.104047,0.104876
net_similarity,net,100,20,similarity,ces,10,8,0.000822,0.103822,0.104643
net_homophily,net,100,20,homophily,ces,10,1,0.000899,0.103531,0.104429
net_homophily,net,100,20,homophily,ces,10,2,0.000891,0.106318,0.107209
net_homophily,net,100,20,homophily,ces,10,3,0.000938,0.104335,0.105272
net_homophily,net,100,20,homophily,ces,10,4,0.005732,0.104083,0.109815
net_homophily,net,100,20,homophily,ces,10,5,0.000892,0.104114,0.105005
net_homophily,net,100,20,homophily,ces,10,6,0.000915,0.104005,0.104920
net_homophily,net,100,20,homophily,ces,10,7,0.000872,0.104156,0.105028
net_homophily,net,100,20,homophily,ces,10,8,0.000896,0.104214,0.105111
net_homogeneous_mixing,net,100,20,homogeneous_mixing,ces,10,1,0.000095,0.103767,0.103862
net_homogeneous_mixing,net,100,20,homogeneous_mixing,ces,10,2,0.000115,0.103792,0.103907
net_homogeneous_mixing,net,100,20,homogeneous_mixing,ces,10,3,0.000123,0.103567,0.103690
net_homogeneous_mixing,net,100,20,homogeneous_mixing,ces,10,4,0.000105,0.103654,0.103759
net_homogeneous_mixing,net,100,20,homogeneous_mixing,ces,10,5,0.000161,0.103722,0.103883
net_homogeneous_mixing,net,100,20,homogeneous_mixing,ces,10,6,0.000096,0.103595,0.103691
net_homogeneous_mixing,net,100,20,homogeneous_mixing,ces,10,7,0.000100,0.103629,0.103729
net_homogeneous_mixing,net,100,20,homogeneous_mixing,ces,10,8,0.000236,0.103490,0.103725
util_additive,util,100,20,watts_strogatz,additive,10,1,0.000103,0.024427,0.024530
util_additive,util,100,20,watts_strogatz,additive,10,2,0.000098,0.024310,0.024409
util_additive,util,100,20,watts_strogatz,additive,10,3,0.000111,0.024309,0.024420
util_additive,util,100,20,watts_strogatz,additive,10,4,0.000088,0.024393,0.024480
util_additive,util,100,20,watts_strogatz,additive,10,5,0.000103,0.024438,0.024541
util_additive,util,100,20,watts_strogatz,additive,10,6,0.000102,0.024354,0.024456
util_additive,util,100,20,watts_strogatz,additive,10,7,0.000093,0.024359,0.024452
util_additive,util,100,20,watts_strogatz,additive,10,8,0.000091,0.024427,0.024518
util_ces,util,100,20,watts_strogatz,ces,10,1,0.000150,0.103306,0.103456
util_ces,util,100,20,watts_strogatz,ces,10,2,0.000283,0.104080,0.104364
util_ces,util,100,20,watts_strogatz,ces,10,3,0.000169,0.103562,0.103731
util_ces,util,100,20,watts_strogatz,ces,10,4,0.000148,0.103384,0.103533
util_ces,util,100,20,watts_strogatz,ces,10,5,0.000125,0.103417,0.103542
util_ces,util,100,20,watts_strogatz,ces,10,6,0.000135,0.103526,0.103662
util_ces,util,100,20,watts_strogatz,ces,10,7,0.000182,0.103340,0.103522
util_ces,util,100,20,watts_strogatz,ces,10,8,0.000119,0.103364,0.103483
util_multiplicative,util,100,20,watts_strogatz,multiplicative,10,1,0.000131,0.023055,0.023186
util_multiplicative,util,100,20,watts_strogatz,multiplicative,10,2,0.000091,0.023034,0.023125
util_multiplicative,util,100,20,watts_strogatz,multiplicative,10,3,0.000092,0.023078,0.023170
util_multiplicative,util,100,20,watts_strogatz,multiplicative,10,4,0.000095,0.023125,0.023220
util_multiplicative,util,100,20,watts_strogatz,multiplicative,10,5,0.000118,0.023635,0.023753
util_multiplicative,util,100,20,watts_strogatz,multiplicative,10,6,0.000176,0.023205,0.023380
util_multiplicative,util,100,20,watts_strogatz,multiplicative,10,7,0.000094,0.023263,0.023358
util_multiplicative,util,100,20,watts_strogatz,multiplicative,10,8,0.000099,0.023186,0.023285
util_multiplicative_weighted,util,100,20,watts_strogatz,multiplicative_weighted,10,1,0.000105,0.069373,0.069478
util_multiplicative_weighted,util,100,20,watts_strogatz,multiplicative_weighted,10,2,0.000173,0.069284,0.069457
util_multiplicative_weighted,util,100,20,watts_strogatz,multiplicative_weighted,10,3,0.000104,0.069258,0.069362
util_multiplicative_weighted,util,100,20,watts_strogatz,multiplicative_weighted,10,4,0.000115,0.069274,0.069388
util_multiplicative_weighted,util,100,20,watts_strogatz,multiplicative_weighted,10,5,0.000120,0.069263,0.069383
util_multiplicative_weighted,util,100,20,watts_strogatz,multiplicative_weighted,10,6,0.000115,0.069340,0.069455
util_multiplicative_weighted,util,100,20,watts_strogatz,multiplicative_weighted,10,7,0.000112,0.069351,0.069463
util_multiplicative_weighted,util,100,20,watts_strogatz,multiplicative_weighted,10,8,0.000158,0.069310,0.069468
conf_0,conf,100,20,watts_strogatz,ces,0,1,0.000180,0.250695,0.250875
conf_0,conf,100,20,watts_strogatz,ces,0,2,0.000170,0.252025,0.252195
conf_0,conf,100,20,watts_strogatz,ces,0,3,0.006963,0.252022,0.258985
conf_0,conf,100,20,watts_strogatz,ces,0,4,0.000160,0.252300,0.252459
conf_0,conf,100,20,watts_strogatz,ces,0,5,0.000140,0.255236,0.255376
conf_0,conf,100,20,watts_strogatz,ces,0,6,0.000154,0.260043,0.260196
conf_0,conf,100,20,watts_strogatz,ces,0,7,0.000160,0.256990,0.257149
conf_0,conf,100,20,watts_strogatz,ces,0,8,0.000191,0.258982,0.259173
conf_1,conf,100,20,watts_strogatz,ces,1,1,0.000155,0.229312,0.229466
conf_1,conf,100,20,watts_strogatz,ces,1,2,0.000141,0.229431,0.229571
conf_1,conf,100,20,watts_strogatz,ces,1,3,0.000141,0.233810,0.233951
conf_1,conf,100,20,watts_strogatz,ces,1,4,0.000157,0.230632,0.230788
conf_1,conf,100,20,watts_strogatz,ces,1,5,0.000149,0.230207,0.230356
conf_1,conf,100,20,watts_strogatz,ces,1,6,0.000169,0.229700,0.229869
conf_1,conf,100,20,watts_strogatz,ces,1,7,0.000195,0.229220,0.229415
conf_1,conf,100,20,watts_strogatz,ces,1,8,0.000136,0.229399,0.229536
conf_10,conf,100,20,watts_strogatz,ces,10,1,0.000218,0.106946,0.107164
conf_10,conf,100,20,watts_strogatz,ces,10,2,0.000157,0.106834,0.106992
conf_10,conf,100,20,watts_strogatz,ces,10,3,0.000168,0.106332,0.106499
conf_10,conf,100,20,watts_strogatz,ces,10,4,0.000168,0.106843,0.107011
conf_10,conf,100,20,watts_strogatz,ces,10,5,0.000175,0.106188,0.106362
conf_10,conf,100,20,watts_strogatz,ces,10,6,0.000158,0.106435,0.106593
conf_10,conf,100,20,watts_strogatz,ces,10,7,0.000470,0.106189,0.106659
conf_10,conf,100,20,watts_strogatz,ces,10,8,0.000166,0.106410,0.106576
conf_50,conf,100,20,watts_strogatz,ces,50,1,0.000151,0.082407,0.082558
conf_50,conf,100,20,watts_strogatz,ces,50,2,0.000174,0.082287,0.082461
conf_50,conf,100,20,watts_strogatz,ces,50,3,0.000171,0.082138,0.082308
conf_50,conf,100,20,watts_strogatz,ces,50,4,0.000177,0.082015,0.082192
conf_50,conf,100,20,watts_strogatz,ces,50,5,0.000155,0.081840,0.081995
conf_50,conf,100,20,watts_strogatz,ces,50,6,0.000175,0.081839,0.082014
conf_50,conf,100,20,watts_strogatz,ces,50,7,0.000197,0.082683,0.082880
conf_50,conf,100,20,watts_strogatz,ces,50,8,0.000168,0.082127,0.082296
