config_id,group,agents_per_gender,ticks,network,utility,conformism,rep,total_s,steps_s,setup_s,timer_drift_s,invocation_wall_s
pop_n25_t1,pop,25,1,watts_strogatz,ces,10,2,0.072000,0.059000,0.013000,0.000000,4.214000
pop_n25_t1,pop,25,1,watts_strogatz,ces,10,3,0.031000,0.022000,0.009000,-0.001000,4.214000
pop_n25_t1,pop,25,1,watts_strogatz,ces,10,4,0.022000,0.016000,0.006000,0.000000,4.214000
pop_n25_t1,pop,25,1,watts_strogatz,ces,10,5,0.018000,0.013000,0.005000,0.000000,4.214000
pop_n25_t1,pop,25,1,watts_strogatz,ces,10,6,0.019000,0.014000,0.005000,0.000000,4.214000
pop_n25_t1,pop,25,1,watts_strogatz,ces,10,7,0.017000,0.013000,0.004000,0.000000,4.214000
pop_n25_t1,pop,25,1,watts_strogatz,ces,10,8,0.017000,0.013000,0.004000,-0.001000,4.214000
pop_n25_t1,pop,25,1,watts_strogatz,ces,10,9,0.015000,0.012000,0.003000,0.000000,4.214000
pop_n25_t5,pop,25,5,watts_strogatz,ces,10,2,0.073000,0.062000,0.011000,0.000000,4.762000
pop_n25_t5,pop,25,5,watts_strogatz,ces,10,3,0.059000,0.053000,0.006000,0.000000,4.762000
pop_n25_t5,pop,25,5,watts_strogatz,ces,10,4,0.054000,0.049000,0.005000,0.000000,4.762000
pop_n25_t5,pop,25,5,watts_strogatz,ces,10,5,0.067000,0.062000,0.005000,0.000000,4.762000
pop_n25_t5,pop,25,5,watts_strogatz,ces,10,6,0.158000,0.152000,0.006000,0.000000,4.762000
pop_n25_t5,pop,25,5,watts_strogatz,ces,10,7,0.145000,0.140000,0.005000,0.000000,4.762000
pop_n25_t5,pop,25,5,watts_strogatz,ces,10,8,0.050000,0.046000,0.004000,0.000000,4.762000
pop_n25_t5,pop,25,5,watts_strogatz,ces,10,9,0.042000,0.038000,0.004000,0.000000,4.762000
pop_n25_t20,pop,25,20,watts_strogatz,ces,10,2,0.159000,0.150000,0.009000,0.000000,5.048000
pop_n25_t20,pop,25,20,watts_strogatz,ces,10,3,0.130000,0.124000,0.006000,-0.001000,5.048000
pop_n25_t20,pop,25,20,watts_strogatz,ces,10,4,0.195000,0.189000,0.006000,0.000000,5.048000
pop_n25_t20,pop,25,20,watts_strogatz,ces,10,5,0.114000,0.109000,0.005000,0.000000,5.048000
pop_n25_t20,pop,25,20,watts_strogatz,ces,10,6,0.126000,0.122000,0.004000,0.000000,5.048000
pop_n25_t20,pop,25,20,watts_strogatz,ces,10,7,0.117000,0.114000,0.003000,0.000000,5.048000
pop_n25_t20,pop,25,20,watts_strogatz,ces,10,8,0.110000,0.107000,0.003000,0.000000,5.048000
pop_n25_t20,pop,25,20,watts_strogatz,ces,10,9,0.108000,0.105000,0.003000,0.000000,5.048000
pop_n25_t50,pop,25,50,watts_strogatz,ces,10,2,0.326000,0.320000,0.006000,0.000000,5.936000
pop_n25_t50,pop,25,50,watts_strogatz,ces,10,3,0.212000,0.205000,0.007000,0.000000,5.936000
pop_n25_t50,pop,25,50,watts_strogatz,ces,10,4,0.217000,0.213000,0.004000,0.000000,5.936000
pop_n25_t50,pop,25,50,watts_strogatz,ces,10,5,0.214000,0.209000,0.005000,0.000000,5.936000
pop_n25_t50,pop,25,50,watts_strogatz,ces,10,6,0.214000,0.209000,0.005000,0.000000,5.936000
pop_n25_t50,pop,25,50,watts_strogatz,ces,10,7,0.200000,0.196000,0.004000,0.000000,5.936000
pop_n25_t50,pop,25,50,watts_strogatz,ces,10,8,0.193000,0.190000,0.003000,0.000000,5.936000
pop_n25_t50,pop,25,50,watts_strogatz,ces,10,9,0.247000,0.244000,0.003000,0.000000,5.936000
pop_n50_t1,pop,50,1,watts_strogatz,ces,10,2,0.050000,0.037000,0.013000,0.000000,4.199000
pop_n50_t1,pop,50,1,watts_strogatz,ces,10,3,0.038000,0.028000,0.010000,0.000000,4.199000
pop_n50_t1,pop,50,1,watts_strogatz,ces,10,4,0.029000,0.023000,0.006000,0.000000,4.199000
pop_n50_t1,pop,50,1,watts_strogatz,ces,10,5,0.033000,0.028000,0.005000,0.000000,4.199000
pop_n50_t1,pop,50,1,watts_strogatz,ces,10,6,0.028000,0.022000,0.006000,-0.001000,4.199000
pop_n50_t1,pop,50,1,watts_strogatz,ces,10,7,0.025000,0.021000,0.004000,0.000000,4.199000
pop_n50_t1,pop,50,1,watts_strogatz,ces,10,8,0.028000,0.023000,0.005000,0.000000,4.199000
pop_n50_t1,pop,50,1,watts_strogatz,ces,10,9,0.033000,0.029000,0.004000,0.000000,4.199000
pop_n50_t5,pop,50,5,watts_strogatz,ces,10,2,0.102000,0.093000,0.009000,0.000000,4.750000
pop_n50_t5,pop,50,5,watts_strogatz,ces,10,3,0.118000,0.109000,0.009000,0.000000,4.750000
pop_n50_t5,pop,50,5,watts_strogatz,ces,10,4,0.080000,0.074000,0.006000,0.000000,4.750000
pop_n50_t5,pop,50,5,watts_strogatz,ces,10,5,0.084000,0.080000,0.004000,0.000000,4.750000
pop_n50_t5,pop,50,5,watts_strogatz,ces,10,6,0.076000,0.070000,0.006000,0.000000,4.750000
pop_n50_t5,pop,50,5,watts_strogatz,ces,10,7,0.135000,0.129000,0.006000,0.000000,4.750000
pop_n50_t5,pop,50,5,watts_strogatz,ces,10,8,0.081000,0.076000,0.005000,0.000000,4.750000
pop_n50_t5,pop,50,5,watts_strogatz,ces,10,9,0.077000,0.074000,0.003000,0.000000,4.750000
pop_n50_t20,pop,50,20,watts_strogatz,ces,10,2,0.262000,0.253000,0.009000,0.000000,5.964000
pop_n50_t20,pop,50,20,watts_strogatz,ces,10,3,0.222000,0.214000,0.008000,-0.001000,5.964000
pop_n50_t20,pop,50,20,watts_strogatz,ces,10,4,0.264000,0.259000,0.005000,-0.001000,5.964000
pop_n50_t20,pop,50,20,watts_strogatz,ces,10,5,0.210000,0.205000,0.005000,0.000000,5.964000
pop_n50_t20,pop,50,20,watts_strogatz,ces,10,6,0.217000,0.214000,0.003000,-0.001000,5.964000
pop_n50_t20,pop,50,20,watts_strogatz,ces,10,7,0.207000,0.203000,0.004000,0.000000,5.964000
pop_n50_t20,pop,50,20,watts_strogatz,ces,10,8,0.206000,0.203000,0.003000,0.000000,5.964000
pop_n50_t20,pop,50,20,watts_strogatz,ces,10,9,0.255000,0.251000,0.004000,0.000000,5.964000
pop_n50_t50,pop,50,50,watts_strogatz,ces,10,2,0.502000,0.493000,0.009000,0.000000,7.302000
pop_n50_t50,pop,50,50,watts_strogatz,ces,10,3,0.371000,0.364000,0.007000,0.000000,7.302000
pop_n50_t50,pop,50,50,watts_strogatz,ces,10,4,0.363000,0.358000,0.005000,0.000000,7.302000
pop_n50_t50,pop,50,50,watts_strogatz,ces,10,5,0.340000,0.336000,0.004000,0.000000,7.302000
pop_n50_t50,pop,50,50,watts_strogatz,ces,10,6,0.345000,0.341000,0.004000,0.000000,7.302000
pop_n50_t50,pop,50,50,watts_strogatz,ces,10,7,0.334000,0.330000,0.004000,0.000000,7.302000
pop_n50_t50,pop,50,50,watts_strogatz,ces,10,8,0.331000,0.327000,0.004000,0.000000,7.302000
pop_n50_t50,pop,50,50,watts_strogatz,ces,10,9,0.386000,0.383000,0.003000,0.000000,7.302000
pop_n100_t1,pop,100,1,watts_strogatz,ces,10,2,0.066000,0.053000,0.013000,0.000000,4.323000
pop_n100_t1,pop,100,1,watts_strogatz,ces,10,3,0.060000,0.050000,0.010000,0.000000,4.323000
pop_n100_t1,pop,100,1,watts_strogatz,ces,10,4,0.054000,0.045000,0.009000,0.000000,4.323000
pop_n100_t1,pop,100,1,watts_strogatz,ces,10,5,0.064000,0.058000,0.006000,0.000000,4.323000
pop_n100_t1,pop,100,1,watts_strogatz,ces,10,6,0.059000,0.051000,0.008000,0.000000,4.323000
pop_n100_t1,pop,100,1,watts_strogatz,ces,10,7,0.060000,0.055000,0.005000,0.000000,4.323000
pop_n100_t1,pop,100,1,watts_strogatz,ces,10,8,0.045000,0.039000,0.006000,0.000000,4.323000
pop_n100_t1,pop,100,1,watts_strogatz,ces,10,9,0.042000,0.038000,0.004000,0.000000,4.323000
pop_n100_t5,pop,100,5,watts_strogatz,ces,10,2,0.192000,0.178000,0.014000,0.000000,5.228000
pop_n100_t5,pop,100,5,watts_strogatz,ces,10,3,0.151000,0.143000,0.008000,0.000000,5.228000
pop_n100_t5,pop,100,5,watts_strogatz,ces,10,4,0.167000,0.159000,0.008000,0.000000,5.228000
pop_n100_t5,pop,100,5,watts_strogatz,ces,10,5,0.161000,0.156000,0.005000,0.000000,5.228000
pop_n100_t5,pop,100,5,watts_strogatz,ces,10,6,0.154000,0.148000,0.006000,0.000000,5.228000
pop_n100_t5,pop,100,5,watts_strogatz,ces,10,7,0.150000,0.146000,0.004000,0.000000,5.228000
pop_n100_t5,pop,100,5,watts_strogatz,ces,10,8,0.143000,0.139000,0.004000,0.000000,5.228000
pop_n100_t5,pop,100,5,watts_strogatz,ces,10,9,0.149000,0.146000,0.003000,0.000000,5.228000
pop_n100_t20,pop,100,20,watts_strogatz,ces,10,2,0.480000,0.469000,0.011000,0.000000,7.842000
pop_n100_t20,pop,100,20,watts_strogatz,ces,10,3,0.429000,0.420000,0.009000,-0.001000,7.842000
pop_n100_t20,pop,100,20,watts_strogatz,ces,10,4,0.527000,0.521000,0.006000,0.000000,7.842000
pop_n100_t20,pop,100,20,watts_strogatz,ces,10,5,0.408000,0.401000,0.007000,0.000000,7.842000
pop_n100_t20,pop,100,20,watts_strogatz,ces,10,6,0.398000,0.392000,0.006000,0.000000,7.842000
pop_n100_t20,pop,100,20,watts_strogatz,ces,10,7,0.394000,0.390000,0.004000,0.000000,7.842000
pop_n100_t20,pop,100,20,watts_strogatz,ces,10,8,0.393000,0.388000,0.005000,0.000000,7.842000
pop_n100_t20,pop,100,20,watts_strogatz,ces,10,9,0.393000,0.389000,0.004000,0.000000,7.842000
pop_n100_t50,pop,100,50,watts_strogatz,ces,10,2,0.830000,0.819000,0.011000,0.000000,10.662000
pop_n100_t50,pop,100,50,watts_strogatz,ces,10,3,0.736000,0.728000,0.008000,0.000000,10.662000
pop_n100_t50,pop,100,50,watts_strogatz,ces,10,4,0.706000,0.700000,0.006000,0.000000,10.662000
pop_n100_t50,pop,100,50,watts_strogatz,ces,10,5,0.703000,0.698000,0.005000,0.000000,10.662000
pop_n100_t50,pop,100,50,watts_strogatz,ces,10,6,0.708000,0.703000,0.005000,0.000000,10.662000
pop_n100_t50,pop,100,50,watts_strogatz,ces,10,7,0.723000,0.719000,0.004000,0.000000,10.662000
pop_n100_t50,pop,100,50,watts_strogatz,ces,10,8,0.703000,0.699000,0.004000,0.000000,10.662000
pop_n100_t50,pop,100,50,watts_strogatz,ces,10,9,0.801000,0.797000,0.004000,0.000000,10.662000
pop_n200_t1,pop,200,1,watts_strogatz,ces,10,2,0.114000,0.099000,0.015000,0.000000,4.670000
pop_n200_t1,pop,200,1,watts_strogatz,ces,10,3,0.124000,0.109000,0.015000,0.000000,4.670000
pop_n200_t1,pop,200,1,watts_strogatz,ces,10,4,0.109000,0.100000,0.009000,0.000000,4.670000
pop_n200_t1,pop,200,1,watts_strogatz,ces,10,5,0.087000,0.080000,0.007000,0.000000,4.670000
pop_n200_t1,pop,200,1,watts_strogatz,ces,10,6,0.084000,0.078000,0.006000,0.000000,4.670000
pop_n200_t1,pop,200,1,watts_strogatz,ces,10,7,0.094000,0.084000,0.010000,0.000000,4.670000
pop_n200_t1,pop,200,1,watts_strogatz,ces,10,8,0.098000,0.090000,0.008000,0.000000,4.670000
pop_n200_t1,pop,200,1,watts_strogatz,ces,10,9,0.084000,0.079000,0.005000,0.000000,4.670000
pop_n200_t5,pop,200,5,watts_strogatz,ces,10,2,0.328000,0.313000,0.015000,-0.001000,6.530000
pop_n200_t5,pop,200,5,watts_strogatz,ces,10,3,0.290000,0.279000,0.011000,-0.001000,6.530000
pop_n200_t5,pop,200,5,watts_strogatz,ces,10,4,0.276000,0.269000,0.007000,0.000000,6.530000
pop_n200_t5,pop,200,5,watts_strogatz,ces,10,5,0.284000,0.278000,0.006000,0.000000,6.530000
pop_n200_t5,pop,200,5,watts_strogatz,ces,10,6,0.274000,0.268000,0.006000,0.000000,6.530000
pop_n200_t5,pop,200,5,watts_strogatz,ces,10,7,0.285000,0.279000,0.006000,0.000000,6.530000
pop_n200_t5,pop,200,5,watts_strogatz,ces,10,8,0.276000,0.267000,0.009000,0.000000,6.530000
pop_n200_t5,pop,200,5,watts_strogatz,ces,10,9,0.271000,0.265000,0.006000,0.000000,6.530000
pop_n200_t20,pop,200,20,watts_strogatz,ces,10,2,0.835000,0.823000,0.012000,0.000000,10.940000
pop_n200_t20,pop,200,20,watts_strogatz,ces,10,3,0.783000,0.772000,0.011000,0.000000,10.940000
pop_n200_t20,pop,200,20,watts_strogatz,ces,10,4,0.872000,0.865000,0.007000,0.000000,10.940000
pop_n200_t20,pop,200,20,watts_strogatz,ces,10,5,0.752000,0.746000,0.006000,0.000000,10.940000
pop_n200_t20,pop,200,20,watts_strogatz,ces,10,6,0.757000,0.751000,0.006000,0.000000,10.940000
pop_n200_t20,pop,200,20,watts_strogatz,ces,10,7,0.759000,0.752000,0.007000,0.000000,10.940000
pop_n200_t20,pop,200,20,watts_strogatz,ces,10,8,0.763000,0.757000,0.006000,0.000000,10.940000
pop_n200_t20,pop,200,20,watts_strogatz,ces,10,9,0.767000,0.762000,0.005000,0.000000,10.940000
pop_n200_t50,pop,200,50,watts_strogatz,ces,10,2,1.419000,1.406000,0.013000,0.000000,16.178000
pop_n200_t50,pop,200,50,watts_strogatz,ces,10,3,1.354000,1.344000,0.010000,-0.001000,16.178000
pop_n200_t50,pop,200,50,watts_strogatz,ces,10,4,1.322000,1.314000,0.008000,0.000000,16.178000
pop_n200_t50,pop,200,50,watts_strogatz,ces,10,5,1.362000,1.356000,0.006000,-0.001000,16.178000
pop_n200_t50,pop,200,50,watts_strogatz,ces,10,6,1.351000,1.345000,0.006000,0.000000,16.178000
pop_n200_t50,pop,200,50,watts_strogatz,ces,10,7,1.330000,1.324000,0.006000,-0.001000,16.178000
pop_n200_t50,pop,200,50,watts_strogatz,ces,10,8,1.325000,1.319000,0.006000,0.000000,16.178000
pop_n200_t50,pop,200,50,watts_strogatz,ces,10,9,1.379000,1.374000,0.005000,0.000000,16.178000
pop_n400_t1,pop,400,1,watts_strogatz,ces,10,2,0.210000,0.189000,0.021000,0.000000,5.280000
pop_n400_t1,pop,400,1,watts_strogatz,ces,10,3,0.166000,0.153000,0.013000,0.000000,5.280000
pop_n400_t1,pop,400,1,watts_strogatz,ces,10,4,0.184000,0.171000,0.013000,-0.001000,5.280000
pop_n400_t1,pop,400,1,watts_strogatz,ces,10,5,0.164000,0.152000,0.012000,0.000000,5.280000
pop_n400_t1,pop,400,1,watts_strogatz,ces,10,6,0.154000,0.145000,0.009000,0.000000,5.280000
pop_n400_t1,pop,400,1,watts_strogatz,ces,10,7,0.152000,0.143000,0.009000,0.000000,5.280000
pop_n400_t1,pop,400,1,watts_strogatz,ces,10,8,0.163000,0.154000,0.009000,0.000000,5.280000
pop_n400_t1,pop,400,1,watts_strogatz,ces,10,9,0.157000,0.148000,0.009000,0.000000,5.280000
pop_n400_t5,pop,400,5,watts_strogatz,ces,10,2,0.559000,0.543000,0.016000,-0.001000,8.776000
pop_n400_t5,pop,400,5,watts_strogatz,ces,10,3,0.552000,0.540000,0.012000,0.000000,8.776000
pop_n400_t5,pop,400,5,watts_strogatz,ces,10,4,0.535000,0.523000,0.012000,0.000000,8.776000
pop_n400_t5,pop,400,5,watts_strogatz,ces,10,5,0.523000,0.506000,0.017000,0.000000,8.776000
pop_n400_t5,pop,400,5,watts_strogatz,ces,10,6,0.496000,0.484000,0.012000,0.000000,8.776000
pop_n400_t5,pop,400,5,watts_strogatz,ces,10,7,0.506000,0.497000,0.009000,-0.001000,8.776000
pop_n400_t5,pop,400,5,watts_strogatz,ces,10,8,0.503000,0.493000,0.010000,-0.001000,8.776000
pop_n400_t5,pop,400,5,watts_strogatz,ces,10,9,0.500000,0.491000,0.009000,0.000000,8.776000
pop_n400_t20,pop,400,20,watts_strogatz,ces,10,2,1.446000,1.428000,0.018000,0.000000,16.654000
pop_n400_t20,pop,400,20,watts_strogatz,ces,10,3,1.410000,1.398000,0.012000,0.000000,16.654000
pop_n400_t20,pop,400,20,watts_strogatz,ces,10,4,1.424000,1.414000,0.010000,0.000000,16.654000
pop_n400_t20,pop,400,20,watts_strogatz,ces,10,5,1.444000,1.430000,0.014000,0.000000,16.654000
pop_n400_t20,pop,400,20,watts_strogatz,ces,10,6,1.412000,1.402000,0.010000,0.000000,16.654000
pop_n400_t20,pop,400,20,watts_strogatz,ces,10,7,1.387000,1.378000,0.009000,-0.001000,16.654000
pop_n400_t20,pop,400,20,watts_strogatz,ces,10,8,1.383000,1.375000,0.008000,0.000000,16.654000
pop_n400_t20,pop,400,20,watts_strogatz,ces,10,9,1.375000,1.366000,0.009000,0.000000,16.654000
pop_n400_t50,pop,400,50,watts_strogatz,ces,10,2,2.460000,2.445000,0.015000,0.000000,25.978000
pop_n400_t50,pop,400,50,watts_strogatz,ces,10,3,2.426000,2.415000,0.011000,0.000000,25.978000
pop_n400_t50,pop,400,50,watts_strogatz,ces,10,4,2.395000,2.384000,0.011000,0.000000,25.978000
pop_n400_t50,pop,400,50,watts_strogatz,ces,10,5,2.414000,2.402000,0.012000,0.000000,25.978000
pop_n400_t50,pop,400,50,watts_strogatz,ces,10,6,2.450000,2.440000,0.010000,0.000000,25.978000
pop_n400_t50,pop,400,50,watts_strogatz,ces,10,7,2.455000,2.446000,0.009000,0.000000,25.978000
pop_n400_t50,pop,400,50,watts_strogatz,ces,10,8,2.407000,2.398000,0.009000,0.000000,25.978000
pop_n400_t50,pop,400,50,watts_strogatz,ces,10,9,2.402000,2.390000,0.012000,0.000000,25.978000
pop_n800_t1,pop,800,1,watts_strogatz,ces,10,2,0.396000,0.359000,0.037000,-0.001000,7.027000
pop_n800_t1,pop,800,1,watts_strogatz,ces,10,3,0.352000,0.329000,0.023000,0.000000,7.027000
pop_n800_t1,pop,800,1,watts_strogatz,ces,10,4,0.364000,0.343000,0.021000,0.000000,7.027000
pop_n800_t1,pop,800,1,watts_strogatz,ces,10,5,0.335000,0.316000,0.019000,0.000000,7.027000
pop_n800_t1,pop,800,1,watts_strogatz,ces,10,6,0.330000,0.310000,0.020000,0.000000,7.027000
pop_n800_t1,pop,800,1,watts_strogatz,ces,10,7,0.343000,0.324000,0.019000,0.000000,7.027000
pop_n800_t1,pop,800,1,watts_strogatz,ces,10,8,0.330000,0.313000,0.017000,0.000000,7.027000
pop_n800_t1,pop,800,1,watts_strogatz,ces,10,9,0.329000,0.310000,0.019000,0.000000,7.027000
pop_n800_t5,pop,800,5,watts_strogatz,ces,10,2,1.125000,1.099000,0.026000,0.000000,13.739000
pop_n800_t5,pop,800,5,watts_strogatz,ces,10,3,1.145000,1.113000,0.032000,0.000000,13.739000
pop_n800_t5,pop,800,5,watts_strogatz,ces,10,4,1.072000,1.050000,0.022000,-0.001000,13.739000
pop_n800_t5,pop,800,5,watts_strogatz,ces,10,5,1.071000,1.046000,0.025000,0.000000,13.739000
pop_n800_t5,pop,800,5,watts_strogatz,ces,10,6,1.069000,1.052000,0.017000,0.000000,13.739000
pop_n800_t5,pop,800,5,watts_strogatz,ces,10,7,1.104000,1.086000,0.018000,-0.001000,13.739000
pop_n800_t5,pop,800,5,watts_strogatz,ces,10,8,1.054000,1.038000,0.016000,0.000000,13.739000
pop_n800_t5,pop,800,5,watts_strogatz,ces,10,9,1.048000,1.031000,0.017000,0.000000,13.739000
pop_n800_t20,pop,800,20,watts_strogatz,ces,10,2,3.195000,3.168000,0.027000,0.000000,32.274000
pop_n800_t20,pop,800,20,watts_strogatz,ces,10,3,3.193000,3.163000,0.030000,-0.001000,32.274000
pop_n800_t20,pop,800,20,watts_strogatz,ces,10,4,3.221000,3.197000,0.024000,-0.001000,32.274000
pop_n800_t20,pop,800,20,watts_strogatz,ces,10,5,3.228000,3.205000,0.023000,0.000000,32.274000
pop_n800_t20,pop,800,20,watts_strogatz,ces,10,6,3.096000,3.076000,0.020000,0.000000,32.274000
pop_n800_t20,pop,800,20,watts_strogatz,ces,10,7,3.061000,3.044000,0.017000,0.000000,32.274000
pop_n800_t20,pop,800,20,watts_strogatz,ces,10,8,2.974000,2.957000,0.017000,0.000000,32.274000
pop_n800_t20,pop,800,20,watts_strogatz,ces,10,9,2.967000,2.950000,0.017000,0.000000,32.274000
pop_n800_t50,pop,800,50,watts_strogatz,ces,10,2,5.255000,5.230000,0.025000,0.000000,50.766000
pop_n800_t50,pop,800,50,watts_strogatz,ces,10,3,5.154000,5.125000,0.029000,0.000000,50.766000
pop_n800_t50,pop,800,50,watts_strogatz,ces,10,4,5.101000,5.077000,0.024000,-0.001000,50.766000
pop_n800_t50,pop,800,50,watts_strogatz,ces,10,5,5.248000,5.227000,0.021000,0.000000,50.766000
pop_n800_t50,pop,800,50,watts_strogatz,ces,10,6,5.159000,5.140000,0.019000,0.000000,50.766000
pop_n800_t50,pop,800,50,watts_strogatz,ces,10,7,5.103000,5.087000,0.016000,0.000000,50.766000
pop_n800_t50,pop,800,50,watts_strogatz,ces,10,8,5.143000,5.128000,0.015000,0.000000,50.766000
pop_n800_t50,pop,800,50,watts_strogatz,ces,10,9,5.035000,5.018000,0.017000,0.000000,50.766000
net_none,net,100,20,none,ces,10,2,0.305000,0.294000,0.011000,0.000000,6.394000
net_none,net,100,20,none,ces,10,3,0.216000,0.207000,0.009000,0.000000,6.394000
net_none,net,100,20,none,ces,10,4,0.276000,0.269000,0.007000,0.000000,6.394000
net_none,net,100,20,none,ces,10,5,0.209000,0.203000,0.006000,0.000000,6.394000
net_none,net,100,20,none,ces,10,6,0.204000,0.200000,0.004000,0.000000,6.394000
net_none,net,100,20,none,ces,10,7,0.214000,0.210000,0.004000,0.000000,6.394000
net_none,net,100,20,none,ces,10,8,0.236000,0.233000,0.003000,0.000000,6.394000
net_none,net,100,20,none,ces,10,9,0.204000,0.200000,0.004000,0.000000,6.394000
net_watts_strogatz,net,100,20,watts_strogatz,ces,10,2,0.600000,0.589000,0.011000,0.000000,8.160000
net_watts_strogatz,net,100,20,watts_strogatz,ces,10,3,0.431000,0.423000,0.008000,0.000000,8.160000
net_watts_strogatz,net,100,20,watts_strogatz,ces,10,4,0.531000,0.525000,0.006000,0.000000,8.160000
net_watts_strogatz,net,100,20,watts_strogatz,ces,10,5,0.404000,0.399000,0.005000,0.000000,8.160000
net_watts_strogatz,net,100,20,watts_strogatz,ces,10,6,0.402000,0.396000,0.006000,0.000000,8.160000
net_watts_strogatz,net,100,20,watts_strogatz,ces,10,7,0.387000,0.382000,0.005000,0.000000,8.160000
net_watts_strogatz,net,100,20,watts_strogatz,ces,10,8,0.395000,0.391000,0.004000,0.000000,8.160000
net_watts_strogatz,net,100,20,watts_strogatz,ces,10,9,0.393000,0.389000,0.004000,0.000000,8.160000
net_random,net,100,20,random,ces,10,2,0.554000,0.544000,0.010000,0.000000,7.182000
net_random,net,100,20,random,ces,10,3,0.380000,0.371000,0.009000,0.000000,7.182000
net_random,net,100,20,random,ces,10,4,0.365000,0.358000,0.007000,0.000000,7.182000
net_random,net,100,20,random,ces,10,5,0.297000,0.292000,0.005000,0.000000,7.182000
net_random,net,100,20,random,ces,10,6,0.294000,0.289000,0.005000,0.000000,7.182000
net_random,net,100,20,random,ces,10,7,0.292000,0.288000,0.004000,0.000000,7.182000
net_random,net,100,20,random,ces,10,8,0.291000,0.287000,0.004000,0.000000,7.182000
net_random,net,100,20,random,ces,10,9,0.287000,0.283000,0.004000,0.000000,7.182000
net_preferential_attachment,net,100,20,preferential_attachment,ces,10,2,0.582000,0.569000,0.013000,0.000000,8.078000
net_preferential_attachment,net,100,20,preferential_attachment,ces,10,3,0.444000,0.436000,0.008000,0.000000,8.078000
net_preferential_attachment,net,100,20,preferential_attachment,ces,10,4,0.533000,0.526000,0.007000,-0.001000,8.078000
net_preferential_attachment,net,100,20,preferential_attachment,ces,10,5,0.437000,0.429000,0.008000,0.000000,8.078000
net_preferential_attachment,net,100,20,preferential_attachment,ces,10,6,0.424000,0.417000,0.007000,0.000000,8.078000
net_preferential_attachment,net,100,20,preferential_attachment,ces,10,7,0.409000,0.404000,0.005000,0.000000,8.078000
net_preferential_attachment,net,100,20,preferential_attachment,ces,10,8,0.395000,0.390000,0.005000,0.000000,8.078000
net_preferential_attachment,net,100,20,preferential_attachment,ces,10,9,0.377000,0.373000,0.004000,0.000000,8.078000
net_similarity,net,100,20,similarity,ces,10,2,0.644000,0.596000,0.048000,0.000000,8.442000
net_similarity,net,100,20,similarity,ces,10,3,0.453000,0.417000,0.036000,0.000000,8.442000
net_similarity,net,100,20,similarity,ces,10,4,0.509000,0.483000,0.026000,0.000000,8.442000
net_similarity,net,100,20,similarity,ces,10,5,0.441000,0.413000,0.028000,0.000000,8.442000
net_similarity,net,100,20,similarity,ces,10,6,0.448000,0.424000,0.024000,0.000000,8.442000
net_similarity,net,100,20,similarity,ces,10,7,0.418000,0.393000,0.025000,-0.001000,8.442000
net_similarity,net,100,20,similarity,ces,10,8,0.425000,0.402000,0.023000,0.000000,8.442000
net_similarity,net,100,20,similarity,ces,10,9,0.419000,0.395000,0.024000,0.000000,8.442000
net_homophily,net,100,20,homophily,ces,10,2,0.505000,0.445000,0.060000,0.000000,8.052000
net_homophily,net,100,20,homophily,ces,10,3,0.453000,0.413000,0.040000,0.000000,8.052000
net_homophily,net,100,20,homophily,ces,10,4,0.491000,0.457000,0.034000,0.000000,8.052000
net_homophily,net,100,20,homophily,ces,10,5,0.444000,0.415000,0.029000,0.000000,8.052000
net_homophily,net,100,20,homophily,ces,10,6,0.418000,0.389000,0.029000,0.000000,8.052000
net_homophily,net,100,20,homophily,ces,10,7,0.418000,0.390000,0.028000,0.000000,8.052000
net_homophily,net,100,20,homophily,ces,10,8,0.463000,0.436000,0.027000,0.000000,8.052000
net_homophily,net,100,20,homophily,ces,10,9,0.409000,0.383000,0.026000,0.000000,8.052000
net_homogeneous_mixing,net,100,20,homogeneous_mixing,ces,10,2,0.263000,0.255000,0.008000,0.000000,5.748000
net_homogeneous_mixing,net,100,20,homogeneous_mixing,ces,10,3,0.197000,0.190000,0.007000,0.000000,5.748000
net_homogeneous_mixing,net,100,20,homogeneous_mixing,ces,10,4,0.242000,0.234000,0.008000,-0.001000,5.748000
net_homogeneous_mixing,net,100,20,homogeneous_mixing,ces,10,5,0.183000,0.177000,0.006000,0.000000,5.748000
net_homogeneous_mixing,net,100,20,homogeneous_mixing,ces,10,6,0.181000,0.176000,0.005000,-0.001000,5.748000
net_homogeneous_mixing,net,100,20,homogeneous_mixing,ces,10,7,0.174000,0.170000,0.004000,0.000000,5.748000
net_homogeneous_mixing,net,100,20,homogeneous_mixing,ces,10,8,0.178000,0.174000,0.004000,0.000000,5.748000
net_homogeneous_mixing,net,100,20,homogeneous_mixing,ces,10,9,0.172000,0.169000,0.003000,0.000000,5.748000
util_additive,util,100,20,watts_strogatz,additive,10,2,0.364000,0.354000,0.010000,0.000000,6.824000
util_additive,util,100,20,watts_strogatz,additive,10,3,0.301000,0.294000,0.007000,0.000000,6.824000
util_additive,util,100,20,watts_strogatz,additive,10,4,0.296000,0.289000,0.007000,0.000000,6.824000
util_additive,util,100,20,watts_strogatz,additive,10,5,0.292000,0.286000,0.006000,0.000000,6.824000
util_additive,util,100,20,watts_strogatz,additive,10,6,0.277000,0.272000,0.005000,-0.003000,6.824000
util_additive,util,100,20,watts_strogatz,additive,10,7,0.288000,0.284000,0.004000,0.000000,6.824000
util_additive,util,100,20,watts_strogatz,additive,10,8,0.272000,0.268000,0.004000,0.000000,6.824000
util_additive,util,100,20,watts_strogatz,additive,10,9,0.271000,0.265000,0.006000,0.000000,6.824000
util_ces,util,100,20,watts_strogatz,ces,10,2,0.497000,0.486000,0.011000,0.000000,7.934000
util_ces,util,100,20,watts_strogatz,ces,10,3,0.487000,0.473000,0.014000,0.000000,7.934000
util_ces,util,100,20,watts_strogatz,ces,10,4,0.526000,0.520000,0.006000,0.000000,7.934000
util_ces,util,100,20,watts_strogatz,ces,10,5,0.408000,0.403000,0.005000,0.000000,7.934000
util_ces,util,100,20,watts_strogatz,ces,10,6,0.402000,0.397000,0.005000,0.000000,7.934000
util_ces,util,100,20,watts_strogatz,ces,10,7,0.397000,0.393000,0.004000,0.000000,7.934000
util_ces,util,100,20,watts_strogatz,ces,10,8,0.401000,0.395000,0.006000,0.000000,7.934000
util_ces,util,100,20,watts_strogatz,ces,10,9,0.396000,0.392000,0.004000,0.000000,7.934000
util_multiplicative,util,100,20,watts_strogatz,multiplicative,10,2,0.521000,0.511000,0.010000,0.000000,8.518000
util_multiplicative,util,100,20,watts_strogatz,multiplicative,10,3,0.521000,0.513000,0.008000,0.000000,8.518000
util_multiplicative,util,100,20,watts_strogatz,multiplicative,10,4,0.567000,0.559000,0.008000,0.000000,8.518000
util_multiplicative,util,100,20,watts_strogatz,multiplicative,10,5,0.491000,0.486000,0.005000,0.000000,8.518000
util_multiplicative,util,100,20,watts_strogatz,multiplicative,10,6,0.491000,0.485000,0.006000,0.000000,8.518000
util_multiplicative,util,100,20,watts_strogatz,multiplicative,10,7,0.482000,0.478000,0.004000,0.000000,8.518000
util_multiplicative,util,100,20,watts_strogatz,multiplicative,10,8,0.483000,0.479000,0.004000,0.000000,8.518000
util_multiplicative,util,100,20,watts_strogatz,multiplicative,10,9,0.473000,0.469000,0.004000,0.000000,8.518000
util_multiplicative_weighted,util,100,20,watts_strogatz,multiplicative_weighted,10,2,2.938000,2.929000,0.009000,0.000000,29.740000
util_multiplicative_weighted,util,100,20,watts_strogatz,multiplicative_weighted,10,3,2.948000,2.940000,0.008000,0.000000,29.740000
util_multiplicative_weighted,util,100,20,watts_strogatz,multiplicative_weighted,10,4,2.863000,2.857000,0.006000,0.000000,29.740000
util_multiplicative_weighted,util,100,20,watts_strogatz,multiplicative_weighted,10,5,2.858000,2.853000,0.005000,0.000000,29.740000
util_multiplicative_weighted,util,100,20,watts_strogatz,multiplicative_weighted,10,6,2.839000,2.834000,0.005000,0.000000,29.740000
util_multiplicative_weighted,util,100,20,watts_strogatz,multiplicative_weighted,10,7,2.826000,2.822000,0.004000,0.000000,29.740000
util_multiplicative_weighted,util,100,20,watts_strogatz,multiplicative_weighted,10,8,2.831000,2.827000,0.004000,0.000000,29.740000
util_multiplicative_weighted,util,100,20,watts_strogatz,multiplicative_weighted,10,9,2.820000,2.816000,0.004000,0.000000,29.740000
conf_0,conf,100,20,watts_strogatz,ces,0,2,1.680000,1.670000,0.010000,0.000000,18.248000
conf_0,conf,100,20,watts_strogatz,ces,0,3,1.678000,1.672000,0.006000,0.000000,18.248000
conf_0,conf,100,20,watts_strogatz,ces,0,4,1.585000,1.576000,0.009000,0.000000,18.248000
conf_0,conf,100,20,watts_strogatz,ces,0,5,1.579000,1.572000,0.007000,0.000000,18.248000
conf_0,conf,100,20,watts_strogatz,ces,0,6,1.582000,1.576000,0.006000,0.000000,18.248000
conf_0,conf,100,20,watts_strogatz,ces,0,7,1.561000,1.555000,0.006000,0.000000,18.248000
conf_0,conf,100,20,watts_strogatz,ces,0,8,1.560000,1.556000,0.004000,-0.001000,18.248000
conf_0,conf,100,20,watts_strogatz,ces,0,9,1.565000,1.561000,0.004000,0.000000,18.248000
conf_1,conf,100,20,watts_strogatz,ces,1,2,0.929000,0.920000,0.009000,0.000000,11.275000
conf_1,conf,100,20,watts_strogatz,ces,1,3,0.817000,0.809000,0.008000,0.000000,11.275000
conf_1,conf,100,20,watts_strogatz,ces,1,4,0.804000,0.798000,0.006000,0.000000,11.275000
conf_1,conf,100,20,watts_strogatz,ces,1,5,0.788000,0.783000,0.005000,0.000000,11.275000
conf_1,conf,100,20,watts_strogatz,ces,1,6,0.798000,0.793000,0.005000,0.000000,11.275000
conf_1,conf,100,20,watts_strogatz,ces,1,7,0.786000,0.782000,0.004000,0.000000,11.275000
conf_1,conf,100,20,watts_strogatz,ces,1,8,0.791000,0.787000,0.004000,0.000000,11.275000
conf_1,conf,100,20,watts_strogatz,ces,1,9,0.786000,0.783000,0.003000,0.000000,11.275000
conf_10,conf,100,20,watts_strogatz,ces,10,2,0.500000,0.490000,0.010000,0.000000,7.846000
conf_10,conf,100,20,watts_strogatz,ces,10,3,0.444000,0.436000,0.008000,0.000000,7.846000
conf_10,conf,100,20,watts_strogatz,ces,10,4,0.533000,0.526000,0.007000,0.000000,7.846000
conf_10,conf,100,20,watts_strogatz,ces,10,5,0.419000,0.412000,0.007000,0.000000,7.846000
conf_10,conf,100,20,watts_strogatz,ces,10,6,0.407000,0.402000,0.005000,0.000000,7.846000
conf_10,conf,100,20,watts_strogatz,ces,10,7,0.415000,0.410000,0.005000,0.000000,7.846000
conf_10,conf,100,20,watts_strogatz,ces,10,8,0.406000,0.402000,0.004000,0.000000,7.846000
conf_10,conf,100,20,watts_strogatz,ces,10,9,0.397000,0.394000,0.003000,0.000000,7.846000
conf_50,conf,100,20,watts_strogatz,ces,50,2,0.293000,0.277000,0.016000,0.000000,5.853000
conf_50,conf,100,20,watts_strogatz,ces,50,3,0.202000,0.195000,0.007000,0.000000,5.853000
conf_50,conf,100,20,watts_strogatz,ces,50,4,0.271000,0.265000,0.006000,0.000000,5.853000
conf_50,conf,100,20,watts_strogatz,ces,50,5,0.194000,0.188000,0.006000,0.000000,5.853000
conf_50,conf,100,20,watts_strogatz,ces,50,6,0.204000,0.199000,0.005000,-0.001000,5.853000
conf_50,conf,100,20,watts_strogatz,ces,50,7,0.203000,0.199000,0.004000,0.000000,5.853000
conf_50,conf,100,20,watts_strogatz,ces,50,8,0.199000,0.195000,0.004000,0.000000,5.853000
conf_50,conf,100,20,watts_strogatz,ces,50,9,0.188000,0.184000,0.004000,0.000000,5.853000
