config_id,group,agents_per_gender,ticks,network,utility,conformism,netlogo_median_total_s,netlogo_median_setup_s,netlogo_median_per_tick_s,netlogo_median_tick_first_s,netlogo_median_tick_last_s,netlogo_mean_total_s,netlogo_min_total_s,netlogo_max_total_s,netlogo_n_reps,julia_median_total_s,julia_median_setup_s,julia_median_per_tick_s,julia_median_tick_first_s,julia_median_tick_last_s,julia_mean_total_s,julia_min_total_s,julia_max_total_s,julia_n_reps,speedup_netlogo_over_julia
pop_n25_t1,pop,25,1,watts_strogatz,ces,10,0.018500,0.005000,0.013500,0.013500,0.013500,0.026375,0.015000,0.072000,8,0.001259,0.000039,0.001216,0.001216,0.001216,0.001261,0.001252,0.001278,8,14.688
pop_n25_t5,pop,25,5,watts_strogatz,ces,10,0.063000,0.005000,0.011500,0.016000,0.008000,0.081000,0.042000,0.158000,8,0.006229,0.000063,0.001232,0.001228,0.001241,0.006231,0.006211,0.006264,8,10.113
pop_n25_t20,pop,25,20,watts_strogatz,ces,10,0.121500,0.004500,0.005900,0.009500,0.004000,0.132375,0.108000,0.195000,8,0.025150,0.000061,0.001254,0.001228,0.001286,0.025148,0.025114,0.025184,8,4.831
pop_n25_t50,pop,25,50,watts_strogatz,ces,10,0.214000,0.004500,0.004180,0.010000,0.002000,0.227875,0.193000,0.326000,8,0.064327,0.000105,0.001283,0.001226,0.001308,0.064295,0.064129,0.064483,8,3.327
pop_n50_t1,pop,50,1,watts_strogatz,ces,10,0.031000,0.005500,0.025500,0.025500,0.025500,0.033000,0.025000,0.050000,8,0.002586,0.000052,0.002531,0.002531,0.002531,0.002589,0.002576,0.002608,8,11.990
pop_n50_t5,pop,50,5,watts_strogatz,ces,10,0.082500,0.006000,0.015600,0.020500,0.012500,0.094125,0.076000,0.135000,8,0.012820,0.000067,0.002551,0.002514,0.002531,0.012801,0.012644,0.012973,8,6.435
pop_n50_t20,pop,50,20,watts_strogatz,ces,10,0.219500,0.004500,0.010700,0.020500,0.007500,0.230375,0.206000,0.264000,8,0.052818,0.000084,0.002636,0.002574,0.002672,0.052738,0.052454,0.052959,8,4.156
pop_n50_t50,pop,50,50,watts_strogatz,ces,10,0.354000,0.004000,0.006990,0.018000,0.003500,0.371500,0.331000,0.502000,8,0.130436,0.000123,0.002606,0.002521,0.002652,0.131423,0.130178,0.134349,8,2.714
pop_n100_t1,pop,100,1,watts_strogatz,ces,10,0.059500,0.007000,0.050500,0.050500,0.050500,0.056250,0.042000,0.066000,8,0.005118,0.000075,0.005034,0.005034,0.005034,0.005123,0.005101,0.005156,8,11.627
pop_n100_t5,pop,100,5,watts_strogatz,ces,10,0.152500,0.005500,0.029400,0.042500,0.023000,0.158375,0.143000,0.192000,8,0.026273,0.000090,0.005237,0.005234,0.005260,0.026273,0.026226,0.026320,8,5.805
pop_n100_t20,pop,100,20,watts_strogatz,ces,10,0.403000,0.006000,0.019825,0.037000,0.013500,0.427750,0.393000,0.527000,8,0.106225,0.000144,0.005304,0.005227,0.005394,0.105956,0.104597,0.106752,8,3.794
pop_n100_t50,pop,100,50,watts_strogatz,ces,10,0.715500,0.005000,0.014220,0.038000,0.007500,0.738750,0.703000,0.830000,8,0.260857,0.000133,0.005214,0.005073,0.005315,0.260945,0.260431,0.261759,8,2.743
pop_n200_t1,pop,200,1,watts_strogatz,ces,10,0.096000,0.008500,0.087000,0.087000,0.087000,0.099250,0.084000,0.124000,8,0.010573,0.000117,0.010455,0.010455,0.010455,0.010585,0.010504,0.010684,8,9.080
pop_n200_t5,pop,200,5,watts_strogatz,ces,10,0.280000,0.006500,0.054700,0.078000,0.043500,0.285500,0.271000,0.328000,8,0.051042,0.000160,0.010176,0.010172,0.010176,0.051193,0.050920,0.051800,8,5.486
pop_n200_t20,pop,200,20,watts_strogatz,ces,10,0.765000,0.006500,0.037975,0.075000,0.026000,0.786000,0.752000,0.872000,8,0.211514,0.000184,0.010567,0.010403,0.010718,0.233757,0.211193,0.389384,8,3.617
pop_n200_t50,pop,200,50,watts_strogatz,ces,10,1.352500,0.006000,0.026890,0.075500,0.015000,1.355250,1.322000,1.419000,8,0.526628,0.000220,0.010528,0.010204,0.010708,0.526502,0.517497,0.534339,8,2.568
pop_n400_t1,pop,400,1,watts_strogatz,ces,10,0.163500,0.010500,0.152500,0.152500,0.152500,0.168750,0.152000,0.210000,8,0.020439,0.000215,0.020221,0.020221,0.020221,0.020476,0.020384,0.020631,8,7.999
pop_n400_t5,pop,400,5,watts_strogatz,ces,10,0.514500,0.012000,0.100300,0.147000,0.078500,0.521750,0.496000,0.559000,8,0.102289,0.000249,0.020402,0.020491,0.020500,0.103141,0.100728,0.105771,8,5.030
pop_n400_t20,pop,400,20,watts_strogatz,ces,10,1.411000,0.010000,0.070000,0.144000,0.047500,1.410125,1.375000,1.446000,8,0.408744,0.000260,0.020422,0.020090,0.020727,0.409129,0.408392,0.410337,8,3.452
pop_n400_t50,pop,400,50,watts_strogatz,ces,10,2.420000,0.011000,0.048170,0.144500,0.025000,2.426125,2.395000,2.460000,8,1.037660,0.000275,0.020748,0.020072,0.021167,1.038053,1.035809,1.041124,8,2.332
pop_n800_t1,pop,800,1,watts_strogatz,ces,10,0.339000,0.019500,0.320000,0.320000,0.320000,0.347375,0.329000,0.396000,8,0.042259,0.000450,0.041689,0.041689,0.041689,0.041928,0.040450,0.044111,8,8.022
pop_n800_t5,pop,800,5,watts_strogatz,ces,10,1.071500,0.020000,0.210200,0.303000,0.169000,1.086000,1.048000,1.145000,8,0.201537,0.000427,0.040212,0.040178,0.040345,0.201512,0.201289,0.201738,8,5.317
pop_n800_t20,pop,800,20,watts_strogatz,ces,10,3.144500,0.021500,0.155975,0.314000,0.105000,3.116875,2.967000,3.228000,8,0.828739,0.000472,0.041413,0.040526,0.042016,0.830605,0.821592,0.850693,8,3.794
pop_n800_t50,pop,800,50,watts_strogatz,ces,10,5.148500,0.020000,0.102530,0.305000,0.054500,5.149750,5.035000,5.255000,8,2.213004,0.000498,0.044250,0.042055,0.044117,2.204162,2.105294,2.289939,8,2.326
net_none,net,100,20,none,ces,10,0.215000,0.005000,0.010425,0.016000,0.007000,0.233000,0.204000,0.305000,8,0.110689,0.000135,0.005527,0.005432,0.005588,0.110812,0.109831,0.111735,8,1.942
net_watts_strogatz,net,100,20,watts_strogatz,ces,10,0.403000,0.005500,0.019875,0.038000,0.014000,0.442875,0.387000,0.600000,8,0.103411,0.000131,0.005164,0.005079,0.005239,0.103550,0.103226,0.104188,8,3.897
net_random,net,100,20,random,ces,10,0.295500,0.005000,0.014525,0.024500,0.010000,0.345000,0.287000,0.554000,8,0.104195,0.000116,0.005203,0.005104,0.005285,0.104236,0.104041,0.104471,8,2.836
net_preferential_attachment,net,100,20,preferential_attachment,ces,10,0.430500,0.007000,0.021150,0.040500,0.014000,0.450125,0.377000,0.582000,8,0.105547,0.000135,0.005268,0.005111,0.005401,0.106051,0.104998,0.108319,8,4.079
net_similarity,net,100,20,similarity,ces,10,0.444500,0.025500,0.020750,0.036000,0.013500,0.469625,0.418000,0.644000,8,0.104856,0.000843,0.005201,0.005154,0.005272,0.107791,0.104133,0.120577,8,4.239
net_homophily,net,100,20,homophily,ces,10,0.448500,0.029000,0.020700,0.039000,0.013000,0.450125,0.409000,0.505000,8,0.105069,0.000897,0.005207,0.005133,0.005260,0.105849,0.104429,0.109815,8,4.269
net_homogeneous_mixing,net,100,20,homogeneous_mixing,ces,10,0.182000,0.005500,0.008825,0.017500,0.006000,0.198750,0.172000,0.263000,8,0.103744,0.000110,0.005182,0.005092,0.005248,0.103781,0.103690,0.103907,8,1.754
util_additive,util,100,20,watts_strogatz,additive,10,0.290000,0.006000,0.014250,0.021000,0.011000,0.295125,0.271000,0.364000,8,0.024468,0.000100,0.001219,0.001226,0.001222,0.024476,0.024409,0.024541,8,11.852
util_ces,util,100,20,watts_strogatz,ces,10,0.405000,0.005500,0.020000,0.038500,0.013000,0.439250,0.396000,0.526000,8,0.103538,0.000149,0.005170,0.005105,0.005235,0.103662,0.103456,0.104364,8,3.912
util_multiplicative,util,100,20,watts_strogatz,multiplicative,10,0.491000,0.005500,0.024275,0.052000,0.014000,0.503625,0.473000,0.567000,8,0.023253,0.000097,0.001158,0.001208,0.001159,0.023310,0.023125,0.023753,8,21.116
util_multiplicative_weighted,util,100,20,watts_strogatz,multiplicative_weighted,10,2.848500,0.005000,0.142175,0.152000,0.137000,2.865375,2.820000,2.948000,8,0.069456,0.000115,0.003465,0.003598,0.003387,0.069432,0.069362,0.069478,8,41.012
conf_0,conf,100,20,watts_strogatz,ces,0,1.580500,0.006000,0.078700,0.773000,0.042000,1.598750,1.560000,1.680000,8,0.256263,0.000165,0.012688,0.014360,0.012301,0.255801,0.250875,0.260196,8,6.168
conf_1,conf,100,20,watts_strogatz,ces,1,0.794500,0.005000,0.039500,0.225500,0.007000,0.812375,0.786000,0.929000,8,0.229720,0.000152,0.011478,0.011771,0.011290,0.230369,0.229415,0.233951,8,3.459
conf_10,conf,100,20,watts_strogatz,ces,10,0.417000,0.006000,0.020550,0.038500,0.014000,0.440125,0.397000,0.533000,8,0.106626,0.000168,0.005321,0.005224,0.005385,0.106732,0.106362,0.107164,8,3.911
conf_50,conf,100,20,watts_strogatz,ces,50,0.202500,0.005500,0.009850,0.013000,0.009000,0.219250,0.188000,0.293000,8,0.082302,0.000173,0.004107,0.004067,0.004131,0.082338,0.081995,0.082880,8,2.460
