config_id,experiment,wall_s
conf_0,conf_0,18.248
conf_1,conf_1,11.275
conf_10,conf_10,7.846
conf_50,conf_50,5.853
net_homogeneous_mixing,net_homogeneous_mixing,5.748
net_homophily,net_homophily,8.052
net_none,net_none,6.394
net_preferential_attachment,net_preferential_attachment,8.078
net_random,net_random,7.182
net_similarity,net_similarity,8.442
net_watts_strogatz,net_watts_strogatz,8.160
pop_n100_t1,pop_n100_t1,4.323
pop_n100_t20,pop_n100_t20,7.842
pop_n100_t5,pop_n100_t5,5.228
pop_n100_t50,pop_n100_t50,10.662
pop_n200_t1,pop_n200_t1,4.670
pop_n200_t20,pop_n200_t20,10.940
pop_n200_t5,pop_n200_t5,6.530
pop_n200_t50,pop_n200_t50,16.178
pop_n25_t1,pop_n25_t1,4.214
pop_n25_t20,pop_n25_t20,5.048
pop_n25_t5,pop_n25_t5,4.762
pop_n25_t50,pop_n25_t50,5.936
pop_n400_t1,pop_n400_t1,5.280
pop_n400_t20,pop_n400_t20,16.654
pop_n400_t5,pop_n400_t5,8.776
pop_n400_t50,pop_n400_t50,25.978
pop_n50_t1,pop_n50_t1,4.199
pop_n50_t20,pop_n50_t20,5.964
pop_n50_t5,pop_n50_t5,4.750
pop_n50_t50,pop_n50_t50,7.302
pop_n800_t1,pop_n800_t1,7.027
pop_n800_t20,pop_n800_t20,32.274
pop_n800_t5,pop_n800_t5,13.739
pop_n800_t50,pop_n800_t50,50.766
util_additive,util_additive,6.824
util_ces,util_ces,7.934
util_multiplicative,util_multiplicative,8.518
util_multiplicative_weighted,util_multiplicative_weighted,29.740
