"BehaviorSpace results (NetLogo 7.0.4)","Table version 2.0"
"/home/franzs/Schreibtisch/Arbeit/gendernorms/gender_model_shocks_preferences.nlogox"
"util_multiplicative_weighted"
"09/26/2026 12:19:34:202 +0200"
"min-pxcor","max-pxcor","min-pycor","max-pycor"
"-38","38","-16","16"
"[run number]","number-agents-each-type","network-structure","random-network-prob","watts-strogatz-neighbors","watts-strogatz-rewiring","preferential-attachment-min-degree","utility-function","CES_beta","weight-working-time-self","weight-working-time-partner","weight-transfer","conformism-male","conformism-female","wage-male","wage-female","norm-paid-time-male","norm-paid-time-female","preference-private-mean-male","preference-private-mean-female","std-dev-values","initial-transfer","lambda","convergence_epsilon","fixed-rs","random-seed-fixed","shock","perc-affected-male","perc-affected-female","shock-start","wage-growth-rate","preference-private-shock-male","preference-private-shock-female","shock-depreciation","import-csv","specific-couple","output-locations","wage-female-in-question","wage-male-in-question","preference-private-female-in-question","preference-private-male-in-question","conformism-male-in-question","conformism-female-in-question","[step]","timer","run-time"
"1","100","watts-strogatz","0.01","2","0.1","2","multiplicative including weights","0.5","1","1","1","10","10","1","0.9","77","36","0.45","0.48","0.2","0","0.002","0.001","true","1","no","0","0","60","0","0","0","0.005","false","false","false","2","2","0.5","0.5","1","1","0","0.072","0"
"1","100","watts-strogatz","0.01","2","0.1","2","multiplicative including weights","0.5","1","1","1","10","10","1","0.9","77","36","0.45","0.48","0.2","0","0.002","0.001","true","1","no","0","0","60","0","0","0","0.005","false","false","false","2","2","0.5","0.5","1","1","1","0.39","0.39"
"1","100","watts-strogatz","0.01","2","0.1","2","multiplicative including weights","0.5","1","1","1","10","10","1","0.9","77","36","0.45","0.48","0.2","0","0.002","0.001","true","1","no","0","0","60","0","0","0","0.005","false","false","false","2","2","0.5","0.5","1","1","2","0.568","0.568"
"1","100","watts-strogatz","0.01","2","0.1","2","multiplicative including weights","0.5","1","1","1","10","10","1","0.9","77","36","0.45","0.48","0.2","0","0.002","0.001","true","1","no","0","0","60","0","0","0","0.005","false","false","false","2","2","0.5","0.5","1","1","3","0.722","0.722"
"1","100","watts-strogatz","0.01","2","0.1","2","multiplicative including weights","0.5","1","1","1","10","10","1","0.9","77","36","0.45","0.48","0.2","0","0.002","0.001","true","1","no","0","0","60","0","0","0","0.005","false","false","false","2","2","0.5","0.5","1","1","4","0.889","0.889"
"1","100","watts-strogatz","0.01","2","0.1","2","multiplicative including weights","0.5","1","1","1","10","10","1","0.9","77","36","0.45","0.48","0.2","0","0.002","0.001","true","1","no","0","0","60","0","0","0","0.005","false","false","false","2","2","0.5","0.5","1","1","5","1.056","1.056"
"1","100","watts-strogatz","0.01","2","0.1","2","multiplicative including weights","0.5","1","1","1","10","10","1","0.9","77","36","0.45","0.48","0.2","0","0.002","0.001","true","1","no","0","0","60","0","0","0","0.005","false","false","false","2","2","0.5","0.5","1","1","6","1.209","1.209"
"1","100","watts-strogatz","0.01","2","0.1","2","multiplicative including weights","0.5","1","1","1","10","10","1","0.9","77","36","0.45","0.48","0.2","0","0.002","0.001","true","1","no","0","0","60","0","0","0","0.005","false","false","false","2","2","0.5","0.5","1","1","7","1.354","1.354"
"1","100","watts-strogatz","0.01","2","0.1","2","multiplicative including weights","0.5","1","1","1","10","10","1","0.9","77","36","0.45","0.48","0.2","0","0.002","0.001","true","1","no","0","0","60","0","0","0","0.005","false","false","false","2","2","0.5","0.5","1","1","8","1.5","1.5"
"1","100","watts-strogatz","0.01","2","0.1","2","multiplicative including weights","0.5","1","1","1","10","10","1","0.9","77","36","0.45","0.48","0.2","0","0.002","0.001","true","1","no","0","0","60","0","0","0","0.005","false","false","false","2","2","0.5","0.5","1","1","9","1.658","1.658"
"1","100","watts-strogatz","0.01","2","0.1","2","multiplicative including weights","0.5","1","1","1","10","10","1","0.9","77","36","0.45","0.48","0.2","0","0.002","0.001","true","1","no","0","0","60","0","0","0","0.005","false","false","false","2","2","0.5","0.5","1","1","10","1.807","1.807"
"1","100","watts-strogatz","0.01","2","0.1","2","multiplicative including weights","0.5","1","1","1","10","10","1","0.9","77","36","0.45","0.48","0.2","0","0.002","0.001","true","1","no","0","0","60","0","0","0","0.005","false","false","false","2","2","0.5","0.5","1","1","11","1.95","1.949"
"1","100","watts-strogatz","0.01","2","0.1","2","multiplicative including weights","0.5","1","1","1","10","10","1","0.9","77","36","0.45","0.48","0.2","0","0.002","0.001","true","1","no","0","0","60","0","0","0","0.005","false","false","false","2","2","0.5","0.5","1","1","12","2.088","2.088"
"1","100","watts-strogatz","0.01","2","0.1","2","multiplicative including weights","0.5","1","1","1","10","10","1","0.9","77","36","0.45","0.48","0.2","0","0.002","0.001","true","1","no","0","0","60","0","0","0","0.005","false","false","false","2","2","0.5","0.5","1","1","13","2.231","2.231"
"1","100","watts-strogatz","0.01","2","0.1","2","multiplicative including weights","0.5","1","1","1","10","10","1","0.9","77","36","0.45","0.48","0.2","0","0.002","0.001","true","1","no","0","0","60","0","0","0","0.005","false","false","false","2","2","0.5","0.5","1","1","14","2.388","2.388"
"1","100","watts-strogatz","0.01","2","0.1","2","multiplicative including weights","0.5","1","1","1","10","10","1","0.9","77","36","0.45","0.48","0.2","0","0.002","0.001","true","1","no","0","0","60","0","0","0","0.005","false","false","false","2","2","0.5","0.5","1","1","15","2.536","2.536"
"1","100","watts-strogatz","0.01","2","0.1","2","multiplicative including weights","0.5","1","1","1","10","10","1","0.9","77","36","0.45","0.48","0.2","0","0.002","0.001","true","1","no","0","0","60","0","0","0","0.005","false","false","false","2","2","0.5","0.5","1","1","16","2.685","2.685"
"1","100","watts-strogatz","0.01","2","0.1","2","multiplicative including weights","0.5","1","1","1","10","10","1","0.9","77","36","0.45","0.48","0.2","0","0.002","0.001","true","1","no","0","0","60","0","0","0","0.005","false","false","false","2","2","0.5","0.5","1","1","17","2.827","2.827"
"1","100","watts-strogatz","0.01","2","0.1","2","multiplicative including weights","0.5","1","1","1","10","10","1","0.9","77","36","0.45","0.48","0.2","0","0.002","0.001","true","1","no","0","0","60","0","0","0","0.005","false","false","false","2","2","0.5","0.5","1","1","18","2.963","2.963"
"1","100","watts-strogatz","0.01","2","0.1","2","multiplicative including weights","0.5","1","1","1","10","10","1","0.9","77","36","0.45","0.48","0.2","0","0.002","0.001","true","1","no","0","0","60","0","0","0","0.005","false","false","false","2","2","0.5","0.5","1","1","19","3.102","3.102"
"1","100","watts-strogatz","0.01","2","0.1","2","multiplicative including weights","0.5","1","1","1","10","10","1","0.9","77","36","0.45","0.48","0.2","0","0.002","0.001","true","1","no","0","0","60","0","0","0","0.005","false","false","false","2","2","0.5","0.5","1","1","20","3.239","3.239"
"2","100","watts-strogatz","0.01","2","0.1","2","multiplicative including weights","0.5","1","1","1","10","10","1","0.9","77","36","0.45","0.48","0.2","0","0.002","0.001","true","1","no","0","0","60","0","0","0","0.005","false","false","false","2","2","0.5","0.5","1","1","0","0.009","0"
"2","100","watts-strogatz","0.01","2","0.1","2","multiplicative including weights","0.5","1","1","1","10","10","1","0.9","77","36","0.45","0.48","0.2","0","0.002","0.001","true","1","no","0","0","60","0","0","0","0.005","false","false","false","2","2","0.5","0.5","1","1","1","0.161","0.16"
"2","100","watts-strogatz","0.01","2","0.1","2","multiplicative including weights","0.5","1","1","1","10","10","1","0.9","77","36","0.45","0.48","0.2","0","0.002","0.001","true","1","no","0","0","60","0","0","0","0.005","false","false","false","2","2","0.5","0.5","1","1","2","0.31","0.31"
"2","100","watts-strogatz","0.01","2","0.1","2","multiplicative including weights","0.5","1","1","1","10","10","1","0.9","77","36","0.45","0.48","0.2","0","0.002","0.001","true","1","no","0","0","60","0","0","0","0.005","false","false","false","2","2","0.5","0.5","1","1","3","0.457","0.457"
"2","100","watts-strogatz","0.01","2","0.1","2","multiplicative including weights","0.5","1","1","1","10","10","1","0.9","77","36","0.45","0.48","0.2","0","0.002","0.001","true","1","no","0","0","60","0","0","0","0.005","false","false","false","2","2","0.5","0.5","1","1","4","0.608","0.608"
"2","100","watts-strogatz","0.01","2","0.1","2","multiplicative including weights","0.5","1","1","1","10","10","1","0.9","77","36","0.45","0.48","0.2","0","0.002","0.001","true","1","no","0","0","60","0","0","0","0.005","false","false","false","2","2","0.5","0.5","1","1","5","0.759","0.758"
"2","100","watts-strogatz","0.01","2","0.1","2","multiplicative including weights","0.5","1","1","1","10","10","1","0.9","77","36","0.45","0.48","0.2","0","0.002","0.001","true","1","no","0","0","60","0","0","0","0.005","false","false","false","2","2","0.5","0.5","1","1","6","0.902","0.902"
"2","100","watts-strogatz","0.01","2","0.1","2","multiplicative including weights","0.5","1","1","1","10","10","1","0.9","77","36","0.45","0.48","0.2","0","0.002","0.001","true","1","no","0","0","60","0","0","0","0.005","false","false","false","2","2","0.5","0.5","1","1","7","1.07","1.07"
"2","100","watts-strogatz","0.01","2","0.1","2","multiplicative including weights","0.5","1","1","1","10","10","1","0.9","77","36","0.45","0.48","0.2","0","0.002","0.001","true","1","no","0","0","60","0","0","0","0.005","false","false","false","2","2","0.5","0.5","1","1","8","1.218","1.218"
"2","100","watts-strogatz","0.01","2","0.1","2","multiplicative including weights","0.5","1","1","1","10","10","1","0.9","77","36","0.45","0.48","0.2","0","0.002","0.001","true","1","no","0","0","60","0","0","0","0.005","false","false","false","2","2","0.5","0.5","1","1","9","1.367","1.367"
"2","100","watts-strogatz","0.01","2","0.1","2","multiplicative including weights","0.5","1","1","1","10","10","1","0.9","77","36","0.45","0.48","0.2","0","0.002","0.001","true","1","no","0","0","60","0","0","0","0.005","false","false","false","2","2","0.5","0.5","1","1","10","1.513","1.513"
"2","100","watts-strogatz","0.01","2","0.1","2","multiplicative including weights","0.5","1","1","1","10","10","1","0.9","77","36","0.45","0.48","0.2","0","0.002","0.001","true","1","no","0","0","60","0","0","0","0.005","false","false","false","2","2","0.5","0.5","1","1","11","1.658","1.658"
"2","100","watts-strogatz","0.01","2","0.1","2","multiplicative including weights","0.5","1","1","1","10","10","1","0.9","77","36","0.45","0.48","0.2","0","0.002","0.001","true","1","no","0","0","60","0","0","0","0.005","false","false","false","2","2","0.5","0.5","1","1","12","1.804","1.803"
"2","100","watts-strogatz","0.01","2","0.1","2","multiplicative including weights","0.5","1","1","1","10","10","1","0.9","77","36","0.45","0.48","0.2","0","0.002","0.001","true","1","no","0","0","60","0","0","0","0.005","false","false","false","2","2","0.5","0.5","1","1","13","1.952","1.952"
"2","100","watts-strogatz","0.01","2","0.1","2","multiplicative including weights","0.5","1","1","1","10","10","1","0.9","77","36","0.45","0.48","0.2","0","0.002","0.001","true","1","no","0","0","60","0","0","0","0.005","false","false","false","2","2","0.5","0.5","1","1","14","2.102","2.101"
"2","100","watts-strogatz","0.01","2","0.1","2","multiplicative including weights","0.5","1","1","1","10","10","1","0.9","77","36","0.45","0.48","0.2","0","0.002","0.001","true","1","no","0","0","60","0","0","0","0.005","false","false","false","2","2","0.5","0.5","1","1","15","2.246","2.245"
"2","100","watts-strogatz","0.01","2","0.1","2","multiplicative including weights","0.5","1","1","1","10","10","1","0.9","77","36","0.45","0.48","0.2","0","0.002","0.001","true","1","no","0","0","60","0","0","0","0.005","false","false","false","2","2","0.5","0.5","1","1","16","2.387","2.387"
"2","100","watts-strogatz","0.01","2","0.1","2","multiplicative including weights","0.5","1","1","1","10","10","1","0.9","77","36","0.45","0.48","0.2","0","0.002","0.001","true","1","no","0","0","60","0","0","0","0.005","false","false","false","2","2","0.5","0.5","1","1","17","2.525","2.524"
"2","100","watts-strogatz","0.01","2","0.1","2","multiplicative including weights","0.5","1","1","1","10","10","1","0.9","77","36","0.45","0.48","0.2","0","0.002","0.001","true","1","no","0","0","60","0","0","0","0.005","false","false","false","2","2","0.5","0.5","1","1","18","2.665","2.665"
"2","100","watts-strogatz","0.01","2","0.1","2","multiplicative including weights","0.5","1","1","1","10","10","1","0.9","77","36","0.45","0.48","0.2","0","0.002","0.001","true","1","no","0","0","60","0","0","0","0.005","false","false","false","2","2","0.5","0.5","1","1","19","2.801","2.801"
"2","100","watts-strogatz","0.01","2","0.1","2","multiplicative including weights","0.5","1","1","1","10","10","1","0.9","77","36","0.45","0.48","0.2","0","0.002","0.001","true","1","no","0","0","60","0","0","0","0.005","false","false","false","2","2","0.5","0.5","1","1","20","2.938","2.938"
"3","100","watts-strogatz","0.01","2","0.1","2","multiplicative including weights","0.5","1","1","1","10","10","1","0.9","77","36","0.45","0.48","0.2","0","0.002","0.001","true","1","no","0","0","60","0","0","0","0.005","false","false","false","2","2","0.5","0.5","1","1","0","0.008","0"
"3","100","watts-strogatz","0.01","2","0.1","2","multiplicative including weights","0.5","1","1","1","10","10","1","0.9","77","36","0.45","0.48","0.2","0","0.002","0.001","true","1","no","0","0","60","0","0","0","0.005","false","false","false","2","2","0.5","0.5","1","1","1","0.162","0.161"
"3","100","watts-strogatz","0.01","2","0.1","2","multiplicative including weights","0.5","1","1","1","10","10","1","0.9","77","36","0.45","0.48","0.2","0","0.002","0.001","true","1","no","0","0","60","0","0","0","0.005","false","false","false","2","2","0.5","0.5","1","1","2","0.31","0.31"
"3","100","watts-strogatz","0.01","2","0.1","2","multiplicative including weights","0.5","1","1","1","10","10","1","0.9","77","36","0.45","0.48","0.2","0","0.002","0.001","true","1","no","0","0","60","0","0","0","0.005","false","false","false","2","2","0.5","0.5","1","1","3","0.457","0.457"
"3","100","watts-strogatz","0.01","2","0.1","2","multiplicative including weights","0.5","1","1","1","10","10","1","0.9","77","36","0.45","0.48","0.2","0","0.002","0.001","true","1","no","0","0","60","0","0","0","0.005","false","false","false","2","2","0.5","0.5","1","1","4","0.603","0.602"
"3","100","watts-strogatz","0.01","2","0.1","2","multiplicative including weights","0.5","1","1","1","10","10","1","0.9","77","36","0.45","0.48","0.2","0","0.002","0.001","true","1","no","0","0","60","0","0","0","0.005","false","false","false","2","2","0.5","0.5","1","1","5","0.748","0.748"
"3","100","watts-strogatz","0.01","2","0.1","2","multiplicative including weights","0.5","1","1","1","10","10","1","0.9","77","36","0.45","0.48","0.2","0","0.002","0.001","true","1","no","0","0","60","0","0","0","0.005","false","false","false","2","2","0.5","0.5","1","1","6","0.944","0.944"
"3","100","watts-strogatz","0.01","2","0.1","2","multiplicative including weights","0.5","1","1","1","10","10","1","0.9","77","36","0.45","0.48","0.2","0","0.002","0.001","true","1","no","0","0","60","0","0","0","0.005","false","false","false","2","2","0.5","0.5","1","1","7","1.087","1.087"
"3","100","watts-strogatz","0.01","2","0.1","2","multiplicative including weights","0.5","1","1","1","10","10","1","0.9","77","36","0.45","0.48","0.2","0","0.002","0.001","true","1","no","0","0","60","0","0","0","0.005","false","false","false","2","2","0.5","0.5","1","1","8","1.231","1.231"
"3","100","watts-strogatz","0.01","2","0.1","2","multiplicative including weights","0.5","1","1","1","10","10","1","0.9","77","36","0.45","0.48","0.2","0","0.002","0.001","true","1","no","0","0","60","0","0","0","0.005","false","false","false","2","2","0.5","0.5","1","1","9","1.386","1.386"
"3","100","watts-strogatz","0.01","2","0.1","2","multiplicative including weights","0.5","1","1","1","10","10","1","0.9","77","36","0.45","0.48","0.2","0","0.002","0.001","true","1","no","0","0","60","0","0","0","0.005","false","false","false","2","2","0.5","0.5","1","1","10","1.528","1.528"
"3","100","watts-strogatz","0.01","2","0.1","2","multiplicative including weights","0.5","1","1","1","10","10","1","0.9","77","36","0.45","0.48","0.2","0","0.002","0.001","true","1","no","0","0","60","0","0","0","0.005","false","false","false","2","2","0.5","0.5","1","1","11","1.67","1.67"
"3","100","watts-strogatz","0.01","2","0.1","2","multiplicative including weights","0.5","1","1","1","10","10","1","0.9","77","36","0.45","0.48","0.2","0","0.002","0.001","true","1","no","0","0","60","0","0","0","0.005","false","false","false","2","2","0.5","0.5","1","1","12","1.811","1.811"
"3","100","watts-strogatz","0.01","2","0.1","2","multiplicative including weights","0.5","1","1","1","10","10","1","0.9","77","36","0.45","0.48","0.2","0","0.002","0.001","true","1","no","0","0","60","0","0","0","0.005","false","false","false","2","2","0.5","0.5","1","1","13","1.953","1.952"
"3","100","watts-strogatz","0.01","2","0.1","2","multiplicative including weights","0.5","1","1","1","10","10","1","0.9","77","36","0.45","0.48","0.2","0","0.002","0.001","true","1","no","0","0","60","0","0","0","0.005","false","false","false","2","2","0.5","0.5","1","1","14","2.097","2.096"
"3","100","watts-strogatz","0.01","2","0.1","2","multiplicative including weights","0.5","1","1","1","10","10","1","0.9","77","36","0.45","0.48","0.2","0","0.002","0.001","true","1","no","0","0","60","0","0","0","0.005","false","false","false","2","2","0.5","0.5","1","1","15","2.241","2.241"
"3","100","watts-strogatz","0.01","2","0.1","2","multiplicative including weights","0.5","1","1","1","10","10","1","0.9","77","36","0.45","0.48","0.2","0","0.002","0.001","true","1","no","0","0","60","0","0","0","0.005","false","false","false","2","2","0.5","0.5","1","1","16","2.386","2.386"
"3","100","watts-strogatz","0.01","2","0.1","2","multiplicative including weights","0.5","1","1","1","10","10","1","0.9","77","36","0.45","0.48","0.2","0","0.002","0.001","true","1","no","0","0","60","0","0","0","0.005","false","false","false","2","2","0.5","0.5","1","1","17","2.526","2.526"
"3","100","watts-strogatz","0.01","2","0.1","2","multiplicative including weights","0.5","1","1","1","10","10","1","0.9","77","36","0.45","0.48","0.2","0","0.002","0.001","true","1","no","0","0","60","0","0","0","0.005","false","false","false","2","2","0.5","0.5","1","1","18","2.669","2.668"
"3","100","watts-strogatz","0.01","2","0.1","2","multiplicative including weights","0.5","1","1","1","10","10","1","0.9","77","36","0.45","0.48","0.2","0","0.002","0.001","true","1","no","0","0","60","0","0","0","0.005","false","false","false","2","2","0.5","0.5","1","1","19","2.809","2.809"
"3","100","watts-strogatz","0.01","2","0.1","2","multiplicative including weights","0.5","1","1","1","10","10","1","0.9","77","36","0.45","0.48","0.2","0","0.002","0.001","true","1","no","0","0","60","0","0","0","0.005","false","false","false","2","2","0.5","0.5","1","1","20","2.948","2.948"
"4","100","watts-strogatz","0.01","2","0.1","2","multiplicative including weights","0.5","1","1","1","10","10","1","0.9","77","36","0.45","0.48","0.2","0","0.002","0.001","true","1","no","0","0","60","0","0","0","0.005","false","false","false","2","2","0.5","0.5","1","1","0","0.006","0"
"4","100","watts-strogatz","0.01","2","0.1","2","multiplicative including weights","0.5","1","1","1","10","10","1","0.9","77","36","0.45","0.48","0.2","0","0.002","0.001","true","1","no","0","0","60","0","0","0","0.005","false","false","false","2","2","0.5","0.5","1","1","1","0.163","0.163"
"4","100","watts-strogatz","0.01","2","0.1","2","multiplicative including weights","0.5","1","1","1","10","10","1","0.9","77","36","0.45","0.48","0.2","0","0.002","0.001","true","1","no","0","0","60","0","0","0","0.005","false","false","false","2","2","0.5","0.5","1","1","2","0.318","0.318"
"4","100","watts-strogatz","0.01","2","0.1","2","multiplicative including weights","0.5","1","1","1","10","10","1","0.9","77","36","0.45","0.48","0.2","0","0.002","0.001","true","1","no","0","0","60","0","0","0","0.005","false","false","false","2","2","0.5","0.5","1","1","3","0.467","0.467"
"4","100","watts-strogatz","0.01","2","0.1","2","multiplicative including weights","0.5","1","1","1","10","10","1","0.9","77","36","0.45","0.48","0.2","0","0.002","0.001","true","1","no","0","0","60","0","0","0","0.005","false","false","false","2","2","0.5","0.5","1","1","4","0.613","0.613"
"4","100","watts-strogatz","0.01","2","0.1","2","multiplicative including weights","0.5","1","1","1","10","10","1","0.9","77","36","0.45","0.48","0.2","0","0.002","0.001","true","1","no","0","0","60","0","0","0","0.005","false","false","false","2","2","0.5","0.5","1","1","5","0.759","0.759"
"4","100","watts-strogatz","0.01","2","0.1","2","multiplicative including weights","0.5","1","1","1","10","10","1","0.9","77","36","0.45","0.48","0.2","0","0.002","0.001","true","1","no","0","0","60","0","0","0","0.005","false","false","false","2","2","0.5","0.5","1","1","6","0.906","0.906"
"4","100","watts-strogatz","0.01","2","0.1","2","multiplicative including weights","0.5","1","1","1","10","10","1","0.9","77","36","0.45","0.48","0.2","0","0.002","0.001","true","1","no","0","0","60","0","0","0","0.005","false","false","false","2","2","0.5","0.5","1","1","7","1.051","1.051"
"4","100","watts-strogatz","0.01","2","0.1","2","multiplicative including weights","0.5","1","1","1","10","10","1","0.9","77","36","0.45","0.48","0.2","0","0.002","0.001","true","1","no","0","0","60","0","0","0","0.005","false","false","false","2","2","0.5","0.5","1","1","8","1.192","1.192"
"4","100","watts-strogatz","0.01","2","0.1","2","multiplicative including weights","0.5","1","1","1","10","10","1","0.9","77","36","0.45","0.48","0.2","0","0.002","0.001","true","1","no","0","0","60","0","0","0","0.005","false","false","false","2","2","0.5","0.5","1","1","9","1.334","1.333"
"4","100","watts-strogatz","0.01","2","0.1","2","multiplicative including weights","0.5","1","1","1","10","10","1","0.9","77","36","0.45","0.48","0.2","0","0.002","0.001","true","1","no","0","0","60","0","0","0","0.005","false","false","false","2","2","0.5","0.5","1","1","10","1.475","1.475"
"4","100","watts-strogatz","0.01","2","0.1","2","multiplicative including weights","0.5","1","1","1","10","10","1","0.9","77","36","0.45","0.48","0.2","0","0.002","0.001","true","1","no","0","0","60","0","0","0","0.005","false","false","false","2","2","0.5","0.5","1","1","11","1.613","1.613"
"4","100","watts-strogatz","0.01","2","0.1","2","multiplicative including weights","0.5","1","1","1","10","10","1","0.9","77","36","0.45","0.48","0.2","0","0.002","0.001","true","1","no","0","0","60","0","0","0","0.005","false","false","false","2","2","0.5","0.5","1","1","12","1.753","1.753"
"4","100","watts-strogatz","0.01","2","0.1","2","multiplicative including weights","0.5","1","1","1","10","10","1","0.9","77","36","0.45","0.48","0.2","0","0.002","0.001","true","1","no","0","0","60","0","0","0","0.005","false","false","false","2","2","0.5","0.5","1","1","13","1.893","1.892"
"4","100","watts-strogatz","0.01","2","0.1","2","multiplicative including weights","0.5","1","1","1","10","10","1","0.9","77","36","0.45","0.48","0.2","0","0.002","0.001","true","1","no","0","0","60","0","0","0","0.005","false","false","false","2","2","0.5","0.5","1","1","14","2.033","2.032"
"4","100","watts-strogatz","0.01","2","0.1","2","multiplicative including weights","0.5","1","1","1","10","10","1","0.9","77","36","0.45","0.48","0.2","0","0.002","0.001","true","1","no","0","0","60","0","0","0","0.005","false","false","false","2","2","0.5","0.5","1","1","15","2.174","2.173"
"4","100","watts-strogatz","0.01","2","0.1","2","multiplicative including weights","0.5","1","1","1","10","10","1","0.9","77","36","0.45","0.48","0.2","0","0.002","0.001","true","1","no","0","0","60","0","0","0","0.005","false","false","false","2","2","0.5","0.5","1","1","16","2.313","2.313"
"4","100","watts-strogatz","0.01","2","0.1","2","multiplicative including weights","0.5","1","1","1","10","10","1","0.9","77","36","0.45","0.48","0.2","0","0.002","0.001","true","1","no","0","0","60","0","0","0","0.005","false","false","false","2","2","0.5","0.5","1","1","17","2.453","2.453"
"4","100","watts-strogatz","0.01","2","0.1","2","multiplicative including weights","0.5","1","1","1","10","10","1","0.9","77","36","0.45","0.48","0.2","0","0.002","0.001","true","1","no","0","0","60","0","0","0","0.005","false","false","false","2","2","0.5","0.5","1","1","18","2.59","2.59"
"4","100","watts-strogatz","0.01","2","0.1","2","multiplicative including weights","0.5","1","1","1","10","10","1","0.9","77","36","0.45","0.48","0.2","0","0.002","0.001","true","1","no","0","0","60","0","0","0","0.005","false","false","false","2","2","0.5","0.5","1","1","19","2.727","2.727"
"4","100","watts-strogatz","0.01","2","0.1","2","multiplicative including weights","0.5","1","1","1","10","10","1","0.9","77","36","0.45","0.48","0.2","0","0.002","0.001","true","1","no","0","0","60","0","0","0","0.005","false","false","false","2","2","0.5","0.5","1","1","20","2.863","2.863"
"5","100","watts-strogatz","0.01","2","0.1","2","multiplicative including weights","0.5","1","1","1","10","10","1","0.9","77","36","0.45","0.48","0.2","0","0.002","0.001","true","1","no","0","0","60","0","0","0","0.005","false","false","false","2","2","0.5","0.5","1","1","0","0.005","0"
"5","100","watts-strogatz","0.01","2","0.1","2","multiplicative including weights","0.5","1","1","1","10","10","1","0.9","77","36","0.45","0.48","0.2","0","0.002","0.001","true","1","no","0","0","60","0","0","0","0.005","false","false","false","2","2","0.5","0.5","1","1","1","0.157","0.157"
"5","100","watts-strogatz","0.01","2","0.1","2","multiplicative including weights","0.5","1","1","1","10","10","1","0.9","77","36","0.45","0.48","0.2","0","0.002","0.001","true","1","no","0","0","60","0","0","0","0.005","false","false","false","2","2","0.5","0.5","1","1","2","0.306","0.306"
"5","100","watts-strogatz","0.01","2","0.1","2","multiplicative including weights","0.5","1","1","1","10","10","1","0.9","77","36","0.45","0.48","0.2","0","0.002","0.001","true","1","no","0","0","60","0","0","0","0.005","false","false","false","2","2","0.5","0.5","1","1","3","0.455","0.454"
"5","100","watts-strogatz","0.01","2","0.1","2","multiplicative including weights","0.5","1","1","1","10","10","1","0.9","77","36","0.45","0.48","0.2","0","0.002","0.001","true","1","no","0","0","60","0","0","0","0.005","false","false","false","2","2","0.5","0.5","1","1","4","0.6","0.6"
"5","100","watts-strogatz","0.01","2","0.1","2","multiplicative including weights","0.5","1","1","1","10","10","1","0.9","77","36","0.45","0.48","0.2","0","0.002","0.001","true","1","no","0","0","60","0","0","0","0.005","false","false","false","2","2","0.5","0.5","1","1","5","0.746","0.746"
"5","100","watts-strogatz","0.01","2","0.1","2","multiplicative including weights","0.5","1","1","1","10","10","1","0.9","77","36","0.45","0.48","0.2","0","0.002","0.001","true","1","no","0","0","60","0","0","0","0.005","false","false","false","2","2","0.5","0.5","1","1","6","0.892","0.892"
"5","100","watts-strogatz","0.01","2","0.1","2","multiplicative including weights","0.5","1","1","1","10","10","1","0.9","77","36","0.45","0.48","0.2","0","0.002","0.001","true","1","no","0","0","60","0","0","0","0.005","false","false","false","2","2","0.5","0.5","1","1","7","1.037","1.036"
"5","100","watts-strogatz","0.01","2","0.1","2","multiplicative including weights","0.5","1","1","1","10","10","1","0.9","77","36","0.45","0.48","0.2","0","0.002","0.001","true","1","no","0","0","60","0","0","0","0.005","false","false","false","2","2","0.5","0.5","1","1","8","1.179","1.179"
"5","100","watts-strogatz","0.01","2","0.1","2","multiplicative including weights","0.5","1","1","1","10","10","1","0.9","77","36","0.45","0.48","0.2","0","0.002","0.001","true","1","no","0","0","60","0","0","0","0.005","false","false","false","2","2","0.5","0.5","1","1","9","1.321","1.321"
"5","100","watts-strogatz","0.01","2","0.1","2","multiplicative including weights","0.5","1","1","1","10","10","1","0.9","77","36","0.45","0.48","0.2","0","0.002","0.001","true","1","no","0","0","60","0","0","0","0.005","false","false","false","2","2","0.5","0.5","1","1","10","1.463","1.463"
"5","100","watts-strogatz","0.01","2","0.1","2","multiplicative including weights","0.5","1","1","1","10","10","1","0.9","77","36","0.45","0.48","0.2","0","0.002","0.001","true","1","no","0","0","60","0","0","0","0.005","false","false","false","2","2","0.5","0.5","1","1","11","1.604","1.604"
"5","100","watts-strogatz","0.01","2","0.1","2","multiplicative including weights","0.5","1","1","1","10","10","1","0.9","77","36","0.45","0.48","0.2","0","0.002","0.001","true","1","no","0","0","60","0","0","0","0.005","false","false","false","2","2","0.5","0.5","1","1","12","1.743","1.742"
"5","100","watts-strogatz","0.01","2","0.1","2","multiplicative including weights","0.5","1","1","1","10","10","1","0.9","77","36","0.45","0.48","0.2","0","0.002","0.001","true","1","no","0","0","60","0","0","0","0.005","false","false","false","2","2","0.5","0.5","1","1","13","1.881","1.881"
"5","100","watts-strogatz","0.01","2","0.1","2","multiplicative including weights","0.5","1","1","1","10","10","1","0.9","77","36","0.45","0.48","0.2","0","0.002","0.001","true","1","no","0","0","60","0","0","0","0.005","false","false","false","2","2","0.5","0.5","1","1","14","2.021","2.021"
"5","100","watts-strogatz","0.01","2","0.1","2","multiplicative including weights","0.5","1","1","1","10","10","1","0.9","77","36","0.45","0.48","0.2","0","0.002","0.001","true","1","no","0","0","60","0","0","0","0.005","false","false","false","2","2","0.5","0.5","1","1","15","2.168","2.168"
"5","100","watts-strogatz","0.01","2","0.1","2","multiplicative including weights","0.5","1","1","1","10","10","1","0.9","77","36","0.45","0.48","0.2","0","0.002","0.001","true","1","no","0","0","60","0","0","0","0.005","false","false","false","2","2","0.5","0.5","1","1","16","2.307","2.307"
"5","100","watts-strogatz","0.01","2","0.1","2","multiplicative including weights","0.5","1","1","1","10","10","1","0.9","77","36","0.45","0.48","0.2","0","0.002","0.001","true","1","no","0","0","60","0","0","0","0.005","false","false","false","2","2","0.5","0.5","1","1","17","2.448","2.448"
"5","100","watts-strogatz","0.01","2","0.1","2","multiplicative including weights","0.5","1","1","1","10","10","1","0.9","77","36","0.45","0.48","0.2","0","0.002","0.001","true","1","no","0","0","60","0","0","0","0.005","false","false","false","2","2","0.5","0.5","1","1","18","2.584","2.584"
"5","100","watts-strogatz","0.01","2","0.1","2","multiplicative including weights","0.5","1","1","1","10","10","1","0.9","77","36","0.45","0.48","0.2","0","0.002","0.001","true","1","no","0","0","60","0","0","0","0.005","false","false","false","2","2","0.5","0.5","1","1","19","2.721","2.721"
"5","100","watts-strogatz","0.01","2","0.1","2","multiplicative including weights","0.5","1","1","1","10","10","1","0.9","77","36","0.45","0.48","0.2","0","0.002","0.001","true","1","no","0","0","60","0","0","0","0.005","false","false","false","2","2","0.5","0.5","1","1","20","2.858","2.858"
"6","100","watts-strogatz","0.01","2","0.1","2","multiplicative including weights","0.5","1","1","1","10","10","1","0.9","77","36","0.45","0.48","0.2","0","0.002","0.001","true","1","no","0","0","60","0","0","0","0.005","false","false","false","2","2","0.5","0.5","1","1","0","0.005","0"
"6","100","watts-strogatz","0.01","2","0.1","2","multiplicative including weights","0.5","1","1","1","10","10","1","0.9","77","36","0.45","0.48","0.2","0","0.002","0.001","true","1","no","0","0","60","0","0","0","0.005","false","false","false","2","2","0.5","0.5","1","1","1","0.158","0.157"
"6","100","watts-strogatz","0.01","2","0.1","2","multiplicative including weights","0.5","1","1","1","10","10","1","0.9","77","36","0.45","0.48","0.2","0","0.002","0.001","true","1","no","0","0","60","0","0","0","0.005","false","false","false","2","2","0.5","0.5","1","1","2","0.306","0.306"
"6","100","watts-strogatz","0.01","2","0.1","2","multiplicative including weights","0.5","1","1","1","10","10","1","0.9","77","36","0.45","0.48","0.2","0","0.002","0.001","true","1","no","0","0","60","0","0","0","0.005","false","false","false","2","2","0.5","0.5","1","1","3","0.453","0.453"
"6","100","watts-strogatz","0.01","2","0.1","2","multiplicative including weights","0.5","1","1","1","10","10","1","0.9","77","36","0.45","0.48","0.2","0","0.002","0.001","true","1","no","0","0","60","0","0","0","0.005","false","false","false","2","2","0.5","0.5","1","1","4","0.6","0.6"
"6","100","watts-strogatz","0.01","2","0.1","2","multiplicative including weights","0.5","1","1","1","10","10","1","0.9","77","36","0.45","0.48","0.2","0","0.002","0.001","true","1","no","0","0","60","0","0","0","0.005","false","false","false","2","2","0.5","0.5","1","1","5","0.746","0.745"
"6","100","watts-strogatz","0.01","2","0.1","2","multiplicative including weights","0.5","1","1","1","10","10","1","0.9","77","36","0.45","0.48","0.2","0","0.002","0.001","true","1","no","0","0","60","0","0","0","0.005","false","false","false","2","2","0.5","0.5","1","1","6","0.89","0.89"
"6","100","watts-strogatz","0.01","2","0.1","2","multiplicative including weights","0.5","1","1","1","10","10","1","0.9","77","36","0.45","0.48","0.2","0","0.002","0.001","true","1","no","0","0","60","0","0","0","0.005","false","false","false","2","2","0.5","0.5","1","1","7","1.033","1.033"
"6","100","watts-strogatz","0.01","2","0.1","2","multiplicative including weights","0.5","1","1","1","10","10","1","0.9","77","36","0.45","0.48","0.2","0","0.002","0.001","true","1","no","0","0","60","0","0","0","0.005","false","false","false","2","2","0.5","0.5","1","1","8","1.174","1.174"
"6","100","watts-strogatz","0.01","2","0.1","2","multiplicative including weights","0.5","1","1","1","10","10","1","0.9","77","36","0.45","0.48","0.2","0","0.002","0.001","true","1","no","0","0","60","0","0","0","0.005","false","false","false","2","2","0.5","0.5","1","1","9","1.315","1.315"
"6","100","watts-strogatz","0.01","2","0.1","2","multiplicative including weights","0.5","1","1","1","10","10","1","0.9","77","36","0.45","0.48","0.2","0","0.002","0.001","true","1","no","0","0","60","0","0","0","0.005","false","false","false","2","2","0.5","0.5","1","1","10","1.455","1.455"
"6","100","watts-strogatz","0.01","2","0.1","2","multiplicative including weights","0.5","1","1","1","10","10","1","0.9","77","36","0.45","0.48","0.2","0","0.002","0.001","true","1","no","0","0","60","0","0","0","0.005","false","false","false","2","2","0.5","0.5","1","1","11","1.595","1.595"
"6","100","watts-strogatz","0.01","2","0.1","2","multiplicative including weights","0.5","1","1","1","10","10","1","0.9","77","36","0.45","0.48","0.2","0","0.002","0.001","true","1","no","0","0","60","0","0","0","0.005","false","false","false","2","2","0.5","0.5","1","1","12","1.735","1.734"
"6","100","watts-strogatz","0.01","2","0.1","2","multiplicative including weights","0.5","1","1","1","10","10","1","0.9","77","36","0.45","0.48","0.2","0","0.002","0.001","true","1","no","0","0","60","0","0","0","0.005","false","false","false","2","2","0.5","0.5","1","1","13","1.874","1.874"
"6","100","watts-strogatz","0.01","2","0.1","2","multiplicative including weights","0.5","1","1","1","10","10","1","0.9","77","36","0.45","0.48","0.2","0","0.002","0.001","true","1","no","0","0","60","0","0","0","0.005","false","false","false","2","2","0.5","0.5","1","1","14","2.013","2.013"
"6","100","watts-strogatz","0.01","2","0.1","2","multiplicative including weights","0.5","1","1","1","10","10","1","0.9","77","36","0.45","0.48","0.2","0","0.002","0.001","true","1","no","0","0","60","0","0","0","0.005","false","false","false","2","2","0.5","0.5","1","1","15","2.153","2.153"
"6","100","watts-strogatz","0.01","2","0.1","2","multiplicative including weights","0.5","1","1","1","10","10","1","0.9","77","36","0.45","0.48","0.2","0","0.002","0.001","true","1","no","0","0","60","0","0","0","0.005","false","false","false","2","2","0.5","0.5","1","1","16","2.291","2.291"
"6","100","watts-strogatz","0.01","2","0.1","2","multiplicative including weights","0.5","1","1","1","10","10","1","0.9","77","36","0.45","0.48","0.2","0","0.002","0.001","true","1","no","0","0","60","0","0","0","0.005","false","false","false","2","2","0.5","0.5","1","1","17","2.428","2.428"
"6","100","watts-strogatz","0.01","2","0.1","2","multiplicative including weights","0.5","1","1","1","10","10","1","0.9","77","36","0.45","0.48","0.2","0","0.002","0.001","true","1","no","0","0","60","0","0","0","0.005","false","false","false","2","2","0.5","0.5","1","1","18","2.564","2.564"
"6","100","watts-strogatz","0.01","2","0.1","2","multiplicative including weights","0.5","1","1","1","10","10","1","0.9","77","36","0.45","0.48","0.2","0","0.002","0.001","true","1","no","0","0","60","0","0","0","0.005","false","false","false","2","2","0.5","0.5","1","1","19","2.702","2.702"
"6","100","watts-strogatz","0.01","2","0.1","2","multiplicative including weights","0.5","1","1","1","10","10","1","0.9","77","36","0.45","0.48","0.2","0","0.002","0.001","true","1","no","0","0","60","0","0","0","0.005","false","false","false","2","2","0.5","0.5","1","1","20","2.839","2.839"
"7","100","watts-strogatz","0.01","2","0.1","2","multiplicative including weights","0.5","1","1","1","10","10","1","0.9","77","36","0.45","0.48","0.2","0","0.002","0.001","true","1","no","0","0","60","0","0","0","0.005","false","false","false","2","2","0.5","0.5","1","1","0","0.004","0"
"7","100","watts-strogatz","0.01","2","0.1","2","multiplicative including weights","0.5","1","1","1","10","10","1","0.9","77","36","0.45","0.48","0.2","0","0.002","0.001","true","1","no","0","0","60","0","0","0","0.005","false","false","false","2","2","0.5","0.5","1","1","1","0.154","0.154"
"7","100","watts-strogatz","0.01","2","0.1","2","multiplicative including weights","0.5","1","1","1","10","10","1","0.9","77","36","0.45","0.48","0.2","0","0.002","0.001","true","1","no","0","0","60","0","0","0","0.005","false","false","false","2","2","0.5","0.5","1","1","2","0.302","0.302"
"7","100","watts-strogatz","0.01","2","0.1","2","multiplicative including weights","0.5","1","1","1","10","10","1","0.9","77","36","0.45","0.48","0.2","0","0.002","0.001","true","1","no","0","0","60","0","0","0","0.005","false","false","false","2","2","0.5","0.5","1","1","3","0.448","0.448"
"7","100","watts-strogatz","0.01","2","0.1","2","multiplicative including weights","0.5","1","1","1","10","10","1","0.9","77","36","0.45","0.48","0.2","0","0.002","0.001","true","1","no","0","0","60","0","0","0","0.005","false","false","false","2","2","0.5","0.5","1","1","4","0.594","0.594"
"7","100","watts-strogatz","0.01","2","0.1","2","multiplicative including weights","0.5","1","1","1","10","10","1","0.9","77","36","0.45","0.48","0.2","0","0.002","0.001","true","1","no","0","0","60","0","0","0","0.005","false","false","false","2","2","0.5","0.5","1","1","5","0.738","0.738"
"7","100","watts-strogatz","0.01","2","0.1","2","multiplicative including weights","0.5","1","1","1","10","10","1","0.9","77","36","0.45","0.48","0.2","0","0.002","0.001","true","1","no","0","0","60","0","0","0","0.005","false","false","false","2","2","0.5","0.5","1","1","6","0.882","0.882"
"7","100","watts-strogatz","0.01","2","0.1","2","multiplicative including weights","0.5","1","1","1","10","10","1","0.9","77","36","0.45","0.48","0.2","0","0.002","0.001","true","1","no","0","0","60","0","0","0","0.005","false","false","false","2","2","0.5","0.5","1","1","7","1.024","1.024"
"7","100","watts-strogatz","0.01","2","0.1","2","multiplicative including weights","0.5","1","1","1","10","10","1","0.9","77","36","0.45","0.48","0.2","0","0.002","0.001","true","1","no","0","0","60","0","0","0","0.005","false","false","false","2","2","0.5","0.5","1","1","8","1.165","1.165"
"7","100","watts-strogatz","0.01","2","0.1","2","multiplicative including weights","0.5","1","1","1","10","10","1","0.9","77","36","0.45","0.48","0.2","0","0.002","0.001","true","1","no","0","0","60","0","0","0","0.005","false","false","false","2","2","0.5","0.5","1","1","9","1.309","1.309"
"7","100","watts-strogatz","0.01","2","0.1","2","multiplicative including weights","0.5","1","1","1","10","10","1","0.9","77","36","0.45","0.48","0.2","0","0.002","0.001","true","1","no","0","0","60","0","0","0","0.005","false","false","false","2","2","0.5","0.5","1","1","10","1.449","1.449"
"7","100","watts-strogatz","0.01","2","0.1","2","multiplicative including weights","0.5","1","1","1","10","10","1","0.9","77","36","0.45","0.48","0.2","0","0.002","0.001","true","1","no","0","0","60","0","0","0","0.005","false","false","false","2","2","0.5","0.5","1","1","11","1.588","1.588"
"7","100","watts-strogatz","0.01","2","0.1","2","multiplicative including weights","0.5","1","1","1","10","10","1","0.9","77","36","0.45","0.48","0.2","0","0.002","0.001","true","1","no","0","0","60","0","0","0","0.005","false","false","false","2","2","0.5","0.5","1","1","12","1.727","1.726"
"7","100","watts-strogatz","0.01","2","0.1","2","multiplicative including weights","0.5","1","1","1","10","10","1","0.9","77","36","0.45","0.48","0.2","0","0.002","0.001","true","1","no","0","0","60","0","0","0","0.005","false","false","false","2","2","0.5","0.5","1","1","13","1.865","1.865"
"7","100","watts-strogatz","0.01","2","0.1","2","multiplicative including weights","0.5","1","1","1","10","10","1","0.9","77","36","0.45","0.48","0.2","0","0.002","0.001","true","1","no","0","0","60","0","0","0","0.005","false","false","false","2","2","0.5","0.5","1","1","14","2.004","2.004"
"7","100","watts-strogatz","0.01","2","0.1","2","multiplicative including weights","0.5","1","1","1","10","10","1","0.9","77","36","0.45","0.48","0.2","0","0.002","0.001","true","1","no","0","0","60","0","0","0","0.005","false","false","false","2","2","0.5","0.5","1","1","15","2.144","2.144"
"7","100","watts-strogatz","0.01","2","0.1","2","multiplicative including weights","0.5","1","1","1","10","10","1","0.9","77","36","0.45","0.48","0.2","0","0.002","0.001","true","1","no","0","0","60","0","0","0","0.005","false","false","false","2","2","0.5","0.5","1","1","16","2.28","2.28"
"7","100","watts-strogatz","0.01","2","0.1","2","multiplicative including weights","0.5","1","1","1","10","10","1","0.9","77","36","0.45","0.48","0.2","0","0.002","0.001","true","1","no","0","0","60","0","0","0","0.005","false","false","false","2","2","0.5","0.5","1","1","17","2.417","2.417"
"7","100","watts-strogatz","0.01","2","0.1","2","multiplicative including weights","0.5","1","1","1","10","10","1","0.9","77","36","0.45","0.48","0.2","0","0.002","0.001","true","1","no","0","0","60","0","0","0","0.005","false","false","false","2","2","0.5","0.5","1","1","18","2.555","2.555"
"7","100","watts-strogatz","0.01","2","0.1","2","multiplicative including weights","0.5","1","1","1","10","10","1","0.9","77","36","0.45","0.48","0.2","0","0.002","0.001","true","1","no","0","0","60","0","0","0","0.005","false","false","false","2","2","0.5","0.5","1","1","19","2.69","2.69"
"7","100","watts-strogatz","0.01","2","0.1","2","multiplicative including weights","0.5","1","1","1","10","10","1","0.9","77","36","0.45","0.48","0.2","0","0.002","0.001","true","1","no","0","0","60","0","0","0","0.005","false","false","false","2","2","0.5","0.5","1","1","20","2.826","2.826"
"8","100","watts-strogatz","0.01","2","0.1","2","multiplicative including weights","0.5","1","1","1","10","10","1","0.9","77","36","0.45","0.48","0.2","0","0.002","0.001","true","1","no","0","0","60","0","0","0","0.005","false","false","false","2","2","0.5","0.5","1","1","0","0.004","0"
"8","100","watts-strogatz","0.01","2","0.1","2","multiplicative including weights","0.5","1","1","1","10","10","1","0.9","77","36","0.45","0.48","0.2","0","0.002","0.001","true","1","no","0","0","60","0","0","0","0.005","false","false","false","2","2","0.5","0.5","1","1","1","0.154","0.154"
"8","100","watts-strogatz","0.01","2","0.1","2","multiplicative including weights","0.5","1","1","1","10","10","1","0.9","77","36","0.45","0.48","0.2","0","0.002","0.001","true","1","no","0","0","60","0","0","0","0.005","false","false","false","2","2","0.5","0.5","1","1","2","0.302","0.302"
"8","100","watts-strogatz","0.01","2","0.1","2","multiplicative including weights","0.5","1","1","1","10","10","1","0.9","77","36","0.45","0.48","0.2","0","0.002","0.001","true","1","no","0","0","60","0","0","0","0.005","false","false","false","2","2","0.5","0.5","1","1","3","0.448","0.448"
"8","100","watts-strogatz","0.01","2","0.1","2","multiplicative including weights","0.5","1","1","1","10","10","1","0.9","77","36","0.45","0.48","0.2","0","0.002","0.001","true","1","no","0","0","60","0","0","0","0.005","false","false","false","2","2","0.5","0.5","1","1","4","0.593","0.593"
"8","100","watts-strogatz","0.01","2","0.1","2","multiplicative including weights","0.5","1","1","1","10","10","1","0.9","77","36","0.45","0.48","0.2","0","0.002","0.001","true","1","no","0","0","60","0","0","0","0.005","false","false","false","2","2","0.5","0.5","1","1","5","0.738","0.738"
"8","100","watts-strogatz","0.01","2","0.1","2","multiplicative including weights","0.5","1","1","1","10","10","1","0.9","77","36","0.45","0.48","0.2","0","0.002","0.001","true","1","no","0","0","60","0","0","0","0.005","false","false","false","2","2","0.5","0.5","1","1","6","0.881","0.881"
"8","100","watts-strogatz","0.01","2","0.1","2","multiplicative including weights","0.5","1","1","1","10","10","1","0.9","77","36","0.45","0.48","0.2","0","0.002","0.001","true","1","no","0","0","60","0","0","0","0.005","false","false","false","2","2","0.5","0.5","1","1","7","1.024","1.024"
"8","100","watts-strogatz","0.01","2","0.1","2","multiplicative including weights","0.5","1","1","1","10","10","1","0.9","77","36","0.45","0.48","0.2","0","0.002","0.001","true","1","no","0","0","60","0","0","0","0.005","false","false","false","2","2","0.5","0.5","1","1","8","1.167","1.166"
"8","100","watts-strogatz","0.01","2","0.1","2","multiplicative including weights","0.5","1","1","1","10","10","1","0.9","77","36","0.45","0.48","0.2","0","0.002","0.001","true","1","no","0","0","60","0","0","0","0.005","false","false","false","2","2","0.5","0.5","1","1","9","1.309","1.309"
"8","100","watts-strogatz","0.01","2","0.1","2","multiplicative including weights","0.5","1","1","1","10","10","1","0.9","77","36","0.45","0.48","0.2","0","0.002","0.001","true","1","no","0","0","60","0","0","0","0.005","false","false","false","2","2","0.5","0.5","1","1","10","1.45","1.45"
"8","100","watts-strogatz","0.01","2","0.1","2","multiplicative including weights","0.5","1","1","1","10","10","1","0.9","77","36","0.45","0.48","0.2","0","0.002","0.001","true","1","no","0","0","60","0","0","0","0.005","false","false","false","2","2","0.5","0.5","1","1","11","1.589","1.589"
"8","100","watts-strogatz","0.01","2","0.1","2","multiplicative including weights","0.5","1","1","1","10","10","1","0.9","77","36","0.45","0.48","0.2","0","0.002","0.001","true","1","no","0","0","60","0","0","0","0.005","false","false","false","2","2","0.5","0.5","1","1","12","1.73","1.73"
"8","100","watts-strogatz","0.01","2","0.1","2","multiplicative including weights","0.5","1","1","1","10","10","1","0.9","77","36","0.45","0.48","0.2","0","0.002","0.001","true","1","no","0","0","60","0","0","0","0.005","false","false","false","2","2","0.5","0.5","1","1","13","1.869","1.869"
"8","100","watts-strogatz","0.01","2","0.1","2","multiplicative including weights","0.5","1","1","1","10","10","1","0.9","77","36","0.45","0.48","0.2","0","0.002","0.001","true","1","no","0","0","60","0","0","0","0.005","false","false","false","2","2","0.5","0.5","1","1","14","2.008","2.008"
"8","100","watts-strogatz","0.01","2","0.1","2","multiplicative including weights","0.5","1","1","1","10","10","1","0.9","77","36","0.45","0.48","0.2","0","0.002","0.001","true","1","no","0","0","60","0","0","0","0.005","false","false","false","2","2","0.5","0.5","1","1","15","2.145","2.145"
"8","100","watts-strogatz","0.01","2","0.1","2","multiplicative including weights","0.5","1","1","1","10","10","1","0.9","77","36","0.45","0.48","0.2","0","0.002","0.001","true","1","no","0","0","60","0","0","0","0.005","false","false","false","2","2","0.5","0.5","1","1","16","2.283","2.283"
"8","100","watts-strogatz","0.01","2","0.1","2","multiplicative including weights","0.5","1","1","1","10","10","1","0.9","77","36","0.45","0.48","0.2","0","0.002","0.001","true","1","no","0","0","60","0","0","0","0.005","false","false","false","2","2","0.5","0.5","1","1","17","2.42","2.42"
"8","100","watts-strogatz","0.01","2","0.1","2","multiplicative including weights","0.5","1","1","1","10","10","1","0.9","77","36","0.45","0.48","0.2","0","0.002","0.001","true","1","no","0","0","60","0","0","0","0.005","false","false","false","2","2","0.5","0.5","1","1","18","2.555","2.555"
"8","100","watts-strogatz","0.01","2","0.1","2","multiplicative including weights","0.5","1","1","1","10","10","1","0.9","77","36","0.45","0.48","0.2","0","0.002","0.001","true","1","no","0","0","60","0","0","0","0.005","false","false","false","2","2","0.5","0.5","1","1","19","2.693","2.693"
"8","100","watts-strogatz","0.01","2","0.1","2","multiplicative including weights","0.5","1","1","1","10","10","1","0.9","77","36","0.45","0.48","0.2","0","0.002","0.001","true","1","no","0","0","60","0","0","0","0.005","false","false","false","2","2","0.5","0.5","1","1","20","2.831","2.831"
"9","100","watts-strogatz","0.01","2","0.1","2","multiplicative including weights","0.5","1","1","1","10","10","1","0.9","77","36","0.45","0.48","0.2","0","0.002","0.001","true","1","no","0","0","60","0","0","0","0.005","false","false","false","2","2","0.5","0.5","1","1","0","0.004","0"
"9","100","watts-strogatz","0.01","2","0.1","2","multiplicative including weights","0.5","1","1","1","10","10","1","0.9","77","36","0.45","0.48","0.2","0","0.002","0.001","true","1","no","0","0","60","0","0","0","0.005","false","false","false","2","2","0.5","0.5","1","1","1","0.154","0.154"
"9","100","watts-strogatz","0.01","2","0.1","2","multiplicative including weights","0.5","1","1","1","10","10","1","0.9","77","36","0.45","0.48","0.2","0","0.002","0.001","true","1","no","0","0","60","0","0","0","0.005","false","false","false","2","2","0.5","0.5","1","1","2","0.3","0.3"
"9","100","watts-strogatz","0.01","2","0.1","2","multiplicative including weights","0.5","1","1","1","10","10","1","0.9","77","36","0.45","0.48","0.2","0","0.002","0.001","true","1","no","0","0","60","0","0","0","0.005","false","false","false","2","2","0.5","0.5","1","1","3","0.447","0.447"
"9","100","watts-strogatz","0.01","2","0.1","2","multiplicative including weights","0.5","1","1","1","10","10","1","0.9","77","36","0.45","0.48","0.2","0","0.002","0.001","true","1","no","0","0","60","0","0","0","0.005","false","false","false","2","2","0.5","0.5","1","1","4","0.593","0.593"
"9","100","watts-strogatz","0.01","2","0.1","2","multiplicative including weights","0.5","1","1","1","10","10","1","0.9","77","36","0.45","0.48","0.2","0","0.002","0.001","true","1","no","0","0","60","0","0","0","0.005","false","false","false","2","2","0.5","0.5","1","1","5","0.737","0.736"
"9","100","watts-strogatz","0.01","2","0.1","2","multiplicative including weights","0.5","1","1","1","10","10","1","0.9","77","36","0.45","0.48","0.2","0","0.002","0.001","true","1","no","0","0","60","0","0","0","0.005","false","false","false","2","2","0.5","0.5","1","1","6","0.879","0.879"
"9","100","watts-strogatz","0.01","2","0.1","2","multiplicative including weights","0.5","1","1","1","10","10","1","0.9","77","36","0.45","0.48","0.2","0","0.002","0.001","true","1","no","0","0","60","0","0","0","0.005","false","false","false","2","2","0.5","0.5","1","1","7","1.021","1.021"
"9","100","watts-strogatz","0.01","2","0.1","2","multiplicative including weights","0.5","1","1","1","10","10","1","0.9","77","36","0.45","0.48","0.2","0","0.002","0.001","true","1","no","0","0","60","0","0","0","0.005","false","false","false","2","2","0.5","0.5","1","1","8","1.163","1.163"
"9","100","watts-strogatz","0.01","2","0.1","2","multiplicative including weights","0.5","1","1","1","10","10","1","0.9","77","36","0.45","0.48","0.2","0","0.002","0.001","true","1","no","0","0","60","0","0","0","0.005","false","false","false","2","2","0.5","0.5","1","1","9","1.304","1.304"
"9","100","watts-strogatz","0.01","2","0.1","2","multiplicative including weights","0.5","1","1","1","10","10","1","0.9","77","36","0.45","0.48","0.2","0","0.002","0.001","true","1","no","0","0","60","0","0","0","0.005","false","false","false","2","2","0.5","0.5","1","1","10","1.445","1.445"
"9","100","watts-strogatz","0.01","2","0.1","2","multiplicative including weights","0.5","1","1","1","10","10","1","0.9","77","36","0.45","0.48","0.2","0","0.002","0.001","true","1","no","0","0","60","0","0","0","0.005","false","false","false","2","2","0.5","0.5","1","1","11","1.587","1.586"
"9","100","watts-strogatz","0.01","2","0.1","2","multiplicative including weights","0.5","1","1","1","10","10","1","0.9","77","36","0.45","0.48","0.2","0","0.002","0.001","true","1","no","0","0","60","0","0","0","0.005","false","false","false","2","2","0.5","0.5","1","1","12","1.726","1.726"
"9","100","watts-strogatz","0.01","2","0.1","2","multiplicative including weights","0.5","1","1","1","10","10","1","0.9","77","36","0.45","0.48","0.2","0","0.002","0.001","true","1","no","0","0","60","0","0","0","0.005","false","false","false","2","2","0.5","0.5","1","1","13","1.865","1.864"
"9","100","watts-strogatz","0.01","2","0.1","2","multiplicative including weights","0.5","1","1","1","10","10","1","0.9","77","36","0.45","0.48","0.2","0","0.002","0.001","true","1","no","0","0","60","0","0","0","0.005","false","false","false","2","2","0.5","0.5","1","1","14","2.002","2.002"
"9","100","watts-strogatz","0.01","2","0.1","2","multiplicative including weights","0.5","1","1","1","10","10","1","0.9","77","36","0.45","0.48","0.2","0","0.002","0.001","true","1","no","0","0","60","0","0","0","0.005","false","false","false","2","2","0.5","0.5","1","1","15","2.14","2.139"
"9","100","watts-strogatz","0.01","2","0.1","2","multiplicative including weights","0.5","1","1","1","10","10","1","0.9","77","36","0.45","0.48","0.2","0","0.002","0.001","true","1","no","0","0","60","0","0","0","0.005","false","false","false","2","2","0.5","0.5","1","1","16","2.276","2.276"
"9","100","watts-strogatz","0.01","2","0.1","2","multiplicative including weights","0.5","1","1","1","10","10","1","0.9","77","36","0.45","0.48","0.2","0","0.002","0.001","true","1","no","0","0","60","0","0","0","0.005","false","false","false","2","2","0.5","0.5","1","1","17","2.414","2.414"
"9","100","watts-strogatz","0.01","2","0.1","2","multiplicative including weights","0.5","1","1","1","10","10","1","0.9","77","36","0.45","0.48","0.2","0","0.002","0.001","true","1","no","0","0","60","0","0","0","0.005","false","false","false","2","2","0.5","0.5","1","1","18","2.55","2.55"
"9","100","watts-strogatz","0.01","2","0.1","2","multiplicative including weights","0.5","1","1","1","10","10","1","0.9","77","36","0.45","0.48","0.2","0","0.002","0.001","true","1","no","0","0","60","0","0","0","0.005","false","false","false","2","2","0.5","0.5","1","1","19","2.686","2.686"
"9","100","watts-strogatz","0.01","2","0.1","2","multiplicative including weights","0.5","1","1","1","10","10","1","0.9","77","36","0.45","0.48","0.2","0","0.002","0.001","true","1","no","0","0","60","0","0","0","0.005","false","false","false","2","2","0.5","0.5","1","1","20","2.82","2.82"
